partition,sample_id,image_path,mask_path,width,height,original_mask_width,original_mask_height,mask_resized_nearest,classes_present,mask_policy,non_exact_rgb_pixels,total_pixels,quantized_pixels,quantized_ratio,size_repaired,repair_method,image_sha256,mask_pixels_sha256,group_id
train_val,d_r_163_,data/suim_processed/images/train_val/d_r_163_.jpg,data/suim_processed/masks/train_val/d_r_163_.png,960,540,960,540,0,0|1|3|4|6|7,bit_threshold,0,518400,0,0.0,False,none,cacc09cec97f383817e56a2cda637de6ca4b0b88c25c8f9d236ff08152626a97,d50389ef23330535189677b5e30fdfe780c3aec5f881536fb28d32646bd1c4cf,sha256:cacc09cec97f383817e56a2cda637de6ca4b0b88c25c8f9d236ff08152626a97
train_val,d_r_174_,data/suim_processed/images/train_val/d_r_174_.jpg,data/suim_processed/masks/train_val/d_r_174_.png,1280,720,1280,720,0,0|1|3|4|5|7,bit_threshold,226384,921600,226384,0.2456423611111111,False,none,b938a7afebf44117659c8926bd659beb563137d2f8fb1909b56d3b33c465413c,d349d1bff30352cb29a7347ff27aa48fdbe7bf3a1dee059d3c4ae4c82c4ed5ee,sha256:b938a7afebf44117659c8926bd659beb563137d2f8fb1909b56d3b33c465413c
train_val,d_r_186_,data/suim_processed/images/train_val/d_r_186_.jpg,data/suim_processed/masks/train_val/d_r_186_.png,640,480,640,480,0,1|2|7,bit_threshold,0,307200,0,0.0,False,none,eeaeadd35d42acc7f23012991cd82c6f949d400e12388c9255f57b87645bcc4e,8efcfaa8a2c320ce7415e72951cf88cedeb07900ee235f36cde14aa2b3ca9e68,sha256:eeaeadd35d42acc7f23012991cd82c6f949d400e12388c9255f57b87645bcc4e
train_val,d_r_195_,data/suim_processed/images/train_val/d_r_195_.jpg,data/suim_processed/masks/train_val/d_r_195_.png,800,600,800,600,0,0|1|4|7,bit_threshold,0,480000,0,0.0,False,none,2684a6a13c216e3b4f41db2cf855d0c50659084e14bbae65eaa527ee4a4cf131,32e658fb5bef640f51d7e9d6bd1b24367615be76cab1add2630f82dad7d39387,sha256:2684a6a13c216e3b4f41db2cf855d0c50659084e14bbae65eaa527ee4a4cf131
train_val,d_r_259_,data/suim_processed/images/train_val/d_r_259_.jpg,data/suim_processed/masks/train_val/d_r_259_.png,640,480,640,480,0,0|1|5,bit_threshold,0,307200,0,0.0,False,none,2193151e3118a78f53d68d9fb809d0e9ad42a2f8c80cd150af06d8badd41bdfb,e0b308626dad8548ceed5309a46a76c7414b3e8f852fe5a69abcb77053ad7575,sha256:2193151e3118a78f53d68d9fb809d0e9ad42a2f8c80cd150af06d8badd41bdfb
train_val,d_r_310_,data/suim_processed/images/train_val/d_r_310_.jpg,data/suim_processed/masks/train_val/d_r_310_.png,640,360,640,360,0,0|1|5,bit_threshold,94156,230400,94156,0.4086631944444444,False,none,6e73a5ade273a99d350b5b41d5db0da59334f4328cd60200092df4c11615180c,af19981b14f405e2f265037762a84ebc9e29480df893f7322296e51beed49814,sha256:6e73a5ade273a99d350b5b41d5db0da59334f4328cd60200092df4c11615180c
train_val,d_r_319_,data/suim_processed/images/train_val/d_r_319_.jpg,data/suim_processed/masks/train_val/d_r_319_.png,1152,720,1152,720,0,0|4,bit_threshold,0,829440,0,0.0,False,none,a5ae3a7ddb655635148b5673961863dcc2922a6bf2a0c24e32aae6c390f202d5,fcf5b6f3355dde7d553f658ce9deeb24c0f93b253796e3164ab310577cdfd474,sha256:a5ae3a7ddb655635148b5673961863dcc2922a6bf2a0c24e32aae6c390f202d5
train_val,d_r_372_,data/suim_processed/images/train_val/d_r_372_.jpg,data/suim_processed/masks/train_val/d_r_372_.png,960,540,960,540,0,0|1|4|7,bit_threshold,0,518400,0,0.0,False,none,c60aa19034de6adc5b45d1bc36093c8d863268b104c066b7855f926fde109b13,3c8bc97d88a1490a6d0f596e925c77211dd03db0c33b22bd499694dc2873aa80,sha256:c60aa19034de6adc5b45d1bc36093c8d863268b104c066b7855f926fde109b13
train_val,d_r_486_,data/suim_processed/images/train_val/d_r_486_.jpg,data/suim_processed/masks/train_val/d_r_486_.png,480,448,480,448,0,0|1|4|5,bit_threshold,0,215040,0,0.0,False,none,4fa9867aae1322e757e2822e3f823a68ae2ae6d713f0f696dc2600509dca51fe,b574431c22d3037026285afe49825d6afe8c62a1771f4675588ee2931cc88993,sha256:4fa9867aae1322e757e2822e3f823a68ae2ae6d713f0f696dc2600509dca51fe
train_val,d_r_50_,data/suim_processed/images/train_val/d_r_50_.jpg,data/suim_processed/masks/train_val/d_r_50_.png,640,480,640,480,0,0|1|5|7,bit_threshold,0,307200,0,0.0,False,none,0f514730c276e8b7f6cf6558aa2564c39102782fc4c74bc3cea46ce28bc00faf,3a6ade27ac86fa58bd7a9b84c5ca43b17581e9562e5690f6bf49b315b6763022,sha256:0f514730c276e8b7f6cf6558aa2564c39102782fc4c74bc3cea46ce28bc00faf
train_val,d_r_51_,data/suim_processed/images/train_val/d_r_51_.jpg,data/suim_processed/masks/train_val/d_r_51_.png,1906,1080,1906,1080,0,0|4|5,bit_threshold,0,2058480,0,0.0,False,none,165f9d834675ed62f1e85b2b6248a0f407a1bf3169ca2d224b7aed644372f927,68d3f15717c5e1f4f25422b67a49e5b7fd3bbcb8375b3ab2120eca71efb00437,sha256:165f9d834675ed62f1e85b2b6248a0f407a1bf3169ca2d224b7aed644372f927
train_val,d_r_607_,data/suim_processed/images/train_val/d_r_607_.jpg,data/suim_processed/masks/train_val/d_r_607_.png,960,540,960,540,0,0|1|4,bit_threshold,0,518400,0,0.0,False,none,fb1b6eb215b2dd9b9ec34e7dcd0e0f50617c1cd69bf502da33edb1df24ac86b3,7d8d4a6cef17128ab15cbc90c721ebc1a0d4cb50805c336e996ee99887c658cc,sha256:fb1b6eb215b2dd9b9ec34e7dcd0e0f50617c1cd69bf502da33edb1df24ac86b3
train_val,d_r_629_,data/suim_processed/images/train_val/d_r_629_.jpg,data/suim_processed/masks/train_val/d_r_629_.png,640,480,640,480,0,6|7,bit_threshold,0,307200,0,0.0,False,none,460252bcf0a3540321ddcb43b080e5811273a52560bb98e28a546c57b331f877,9796a7cadd4851cf94085dea4e957ddb92bae742c6362ae0e8785dc3a48af8f1,sha256:460252bcf0a3540321ddcb43b080e5811273a52560bb98e28a546c57b331f877
train_val,d_r_649_,data/suim_processed/images/train_val/d_r_649_.jpg,data/suim_processed/masks/train_val/d_r_649_.png,1280,720,1280,720,0,0|1|3,bit_threshold,0,921600,0,0.0,False,none,f0321a2978289455b2b511248e72a1506c52fb69ca4314aec34f4691ca2202a6,91860852bf4145c695175fbcf3b40dba53c06e95aef1a9287232f4007249115f,sha256:f0321a2978289455b2b511248e72a1506c52fb69ca4314aec34f4691ca2202a6
train_val,d_r_657_,data/suim_processed/images/train_val/d_r_657_.jpg,data/suim_processed/masks/train_val/d_r_657_.png,1906,1080,1906,1080,0,4|5,bit_threshold,0,2058480,0,0.0,False,none,7086be83f43f1d70d160157d96fa638c194964f6193656616a5da2dacdddd460,628969687a7e7691136576c2af25d6515e90a749807499b1dcbbf00969fe294a,sha256:7086be83f43f1d70d160157d96fa638c194964f6193656616a5da2dacdddd460
train_val,d_r_700_,data/suim_processed/images/train_val/d_r_700_.jpg,data/suim_processed/masks/train_val/d_r_700_.png,1906,1080,1906,1080,0,0|1|4|5,bit_threshold,0,2058480,0,0.0,False,none,c4c308e96eeb0ea46de9624419bfa3e1d798dc0a15331d7a18f7a442244c88c0,3cd2a015ef6632151525b7b4d699c8fd082688113b43072d030573673c9d0340,sha256:c4c308e96eeb0ea46de9624419bfa3e1d798dc0a15331d7a18f7a442244c88c0
train_val,d_r_710_,data/suim_processed/images/train_val/d_r_710_.jpg,data/suim_processed/masks/train_val/d_r_710_.png,960,540,960,540,0,0|1|4|7,bit_threshold,0,518400,0,0.0,False,none,fd247dafb71a37f5ca98ca6f3703ba3407774f8633023bae39aa0d4b88ddbefe,fe18d82a9a901804ec751404a72365555b706a3b9a3745ec42eb94a30bc3958c,sha256:fd247dafb71a37f5ca98ca6f3703ba3407774f8633023bae39aa0d4b88ddbefe
train_val,d_r_712_,data/suim_processed/images/train_val/d_r_712_.jpg,data/suim_processed/masks/train_val/d_r_712_.png,416,416,416,416,0,0|1|7,bit_threshold,0,173056,0,0.0,False,none,842852fd451e40dc371255518bc703b2fa7f44819bf526a30117b3a90cf17b3f,f0894350d515eb6a837d69636e06e5f6b6f99c47f865c62095feee1653c2b657,sha256:842852fd451e40dc371255518bc703b2fa7f44819bf526a30117b3a90cf17b3f
train_val,d_r_741_,data/suim_processed/images/train_val/d_r_741_.jpg,data/suim_processed/masks/train_val/d_r_741_.png,1280,720,1280,720,0,0|1|4,bit_threshold,86188,921600,86188,0.0935199652777777,False,none,8c6285168d58f0386aa90a04ac914425af1e52fa06ca8590bbe04d2f649c4228,d481692a956e08a0601ecd54bb17d39b03b6f2e7bfebe47f69ecd696f6ada4c8,sha256:8c6285168d58f0386aa90a04ac914425af1e52fa06ca8590bbe04d2f649c4228
train_val,d_r_789_,data/suim_processed/images/train_val/d_r_789_.jpg,data/suim_processed/masks/train_val/d_r_789_.png,1280,720,1280,720,0,0|1|4|6|7,bit_threshold,0,921600,0,0.0,False,none,65af1508450d226abad91e7bf5f84868e76307282165ca3d26dae478733ecb74,6ec0e00feec290f769ae8a86a96b33a19439b3e0679719b803071cb3edc44b3e,sha256:65af1508450d226abad91e7bf5f84868e76307282165ca3d26dae478733ecb74
train_val,d_r_797_,data/suim_processed/images/train_val/d_r_797_.jpg,data/suim_processed/masks/train_val/d_r_797_.png,640,480,640,480,0,0|1|5,bit_threshold,0,307200,0,0.0,False,none,91ffabd0e8ce57f0b151151e55d1c11fbdf2e2a9902edec2223aed63f0c3c4ed,f3e809653e3dcbb8f700cc8124cd32c6527b09e6bf519e3300ddd8009581adcd,sha256:91ffabd0e8ce57f0b151151e55d1c11fbdf2e2a9902edec2223aed63f0c3c4ed
train_val,f_r_100_,data/suim_processed/images/train_val/f_r_100_.jpg,data/suim_processed/masks/train_val/f_r_100_.png,640,480,640,480,0,5|7,bit_threshold,0,307200,0,0.0,False,none,ed70740b49f806ca09f0d84228a8ba839d726cd80cf952efca55499704bc385e,1c692a5c0ab9da06360da08eac219d7ca3285a21d5a82a1198720c8ab9a67b87,sha256:ed70740b49f806ca09f0d84228a8ba839d726cd80cf952efca55499704bc385e
train_val,f_r_1013_,data/suim_processed/images/train_val/f_r_1013_.jpg,data/suim_processed/masks/train_val/f_r_1013_.png,640,480,640,480,0,0|4|5|6|7,bit_threshold,106170,307200,106170,0.34560546875,False,none,d4f38e436d0b501d4aaf057bd6ea75e6361c2f00303a91c815a9acdade5d1871,8e97e8af78757aa24164508f8b6cf0615fc5807ec7a8f18688755cab69c478fc,sha256:d4f38e436d0b501d4aaf057bd6ea75e6361c2f00303a91c815a9acdade5d1871
train_val,f_r_1023_,data/suim_processed/images/train_val/f_r_1023_.jpg,data/suim_processed/masks/train_val/f_r_1023_.png,640,480,640,480,0,0|5|6,bit_threshold,0,307200,0,0.0,False,none,dce515be382d630c7cc35ea91e6a6bb4f97d767a9aa4abce146c88ab1b2114bb,32f04553be32baa3f719857b7d77d35f31da15187f37d10c5a69f28ac5cfc2b4,sha256:dce515be382d630c7cc35ea91e6a6bb4f97d767a9aa4abce146c88ab1b2114bb
train_val,f_r_102_,data/suim_processed/images/train_val/f_r_102_.jpg,data/suim_processed/masks/train_val/f_r_102_.png,640,480,640,480,0,0|2|5|6|7,bit_threshold,0,307200,0,0.0,False,none,5143e77bab8effe6b72fe424544390013f6a83e96ca3c2fe3f4ddb432954d09e,e3f6ab7a9caad41e9e9555dd9554463bcf7979f56e801b1616c93a21774ce096,sha256:5143e77bab8effe6b72fe424544390013f6a83e96ca3c2fe3f4ddb432954d09e
train_val,f_r_1053_,data/suim_processed/images/train_val/f_r_1053_.jpg,data/suim_processed/masks/train_val/f_r_1053_.png,640,480,640,480,0,0|5|6,bit_threshold,0,307200,0,0.0,False,none,0c97956fdd68ccda17fb50170b9b6b18e7c77a2f11b4562de901eb44a0538288,aa4ce64ba4b5c716788cb80ea642534a8b435110303a5215965f8cb6b72e5ce9,sha256:0c97956fdd68ccda17fb50170b9b6b18e7c77a2f11b4562de901eb44a0538288
train_val,f_r_1061_,data/suim_processed/images/train_val/f_r_1061_.jpg,data/suim_processed/masks/train_val/f_r_1061_.png,640,480,640,480,0,0|2|5|6|7,bit_threshold,0,307200,0,0.0,False,none,d10ac52255841061de6c3b3ba54e22054d28bbed50aaf37e74971b1f3141683a,f7ff5d063b9dc71ff7b6d3420d9332767f68bd792f7225308d98804d05f95246,sha256:d10ac52255841061de6c3b3ba54e22054d28bbed50aaf37e74971b1f3141683a
train_val,f_r_1087_,data/suim_processed/images/train_val/f_r_1087_.jpg,data/suim_processed/masks/train_val/f_r_1087_.png,640,480,640,480,0,0|2|5|6,bit_threshold,0,307200,0,0.0,False,none,879d928480334903b49c85bbb4de1d454194e78b41684fded9af380704c1fb82,d11659c768f1c73f9c9cdbd4349bf05edd4a6414be2740cf1992a61a00eb0416,sha256:879d928480334903b49c85bbb4de1d454194e78b41684fded9af380704c1fb82
train_val,f_r_1095_,data/suim_processed/images/train_val/f_r_1095_.jpg,data/suim_processed/masks/train_val/f_r_1095_.png,640,480,640,480,0,0|5|6,bit_threshold,0,307200,0,0.0,False,none,ca9d4ecdc87f6c2e8aed83917208fd1eb4e0fe9147c08052e4a21beafb207740,71aa4b3694cd4da546830069d05a02025f294c18ced029df2ca54a96e82b58be,sha256:ca9d4ecdc87f6c2e8aed83917208fd1eb4e0fe9147c08052e4a21beafb207740
train_val,f_r_1109_,data/suim_processed/images/train_val/f_r_1109_.jpg,data/suim_processed/masks/train_val/f_r_1109_.png,960,540,960,540,0,0|5|6,bit_threshold,0,518400,0,0.0,False,none,9fc39ca3be37e287f98221445bb7025f603f3d02dc25794bd3b784fde8d70878,9623fa359527e78315a7b4c74cc088236ec47a484e17af8efc24854e524a56db,sha256:9fc39ca3be37e287f98221445bb7025f603f3d02dc25794bd3b784fde8d70878
train_val,f_r_1119_,data/suim_processed/images/train_val/f_r_1119_.jpg,data/suim_processed/masks/train_val/f_r_1119_.png,640,480,640,480,0,5|7,bit_threshold,0,307200,0,0.0,False,none,7a01527cb2689ee5377cf476b2d5907f9be796e34cd261180cc1fb95bbff02b3,07f55dc1804b78b34b92934a490cc1ab5f54e9d1c37042b6d7edc1a581be6b8c,sha256:7a01527cb2689ee5377cf476b2d5907f9be796e34cd261180cc1fb95bbff02b3
train_val,f_r_1131_,data/suim_processed/images/train_val/f_r_1131_.jpg,data/suim_processed/masks/train_val/f_r_1131_.png,640,480,640,480,0,5|7,bit_threshold,0,307200,0,0.0,False,none,f7b36841a4f6bcc4b3cf9cb383937f72bd87ba5ea85bfb1fe8dcdbc03552e9e3,fdcf2b3e94d546984666bd724c31f107c722ae18cd627e545727a440bfb9ad96,sha256:f7b36841a4f6bcc4b3cf9cb383937f72bd87ba5ea85bfb1fe8dcdbc03552e9e3
train_val,f_r_1136_,data/suim_processed/images/train_val/f_r_1136_.jpg,data/suim_processed/masks/train_val/f_r_1136_.png,640,480,640,480,0,0|5|6,bit_threshold,0,307200,0,0.0,False,none,f0a871e85ebe0e03fd34dddc1ad9787d18691f2954f39465be59235e278cad34,324372519c0708b81498ee97565558758bbd555fe1a95206003a04d3899e79bb,sha256:f0a871e85ebe0e03fd34dddc1ad9787d18691f2954f39465be59235e278cad34
train_val,f_r_1153_,data/suim_processed/images/train_val/f_r_1153_.jpg,data/suim_processed/masks/train_val/f_r_1153_.png,640,480,640,480,0,0|2|5|6|7,bit_threshold,0,307200,0,0.0,False,none,d071bcdf613645de970dbfb9f2d8a6dd45469e4d7640051fcba65ba671356842,e390041d9ce08039f551fe738bb25630e0e75d6fdf170fe742748d294ac9b1dd,sha256:d071bcdf613645de970dbfb9f2d8a6dd45469e4d7640051fcba65ba671356842
train_val,f_r_1198_,data/suim_processed/images/train_val/f_r_1198_.jpg,data/suim_processed/masks/train_val/f_r_1198_.png,640,480,640,480,0,2|5|6|7,bit_threshold,0,307200,0,0.0,False,none,92ec091de0c8c9caf0e3e97fe6d92fa4be366c4ee1819459f5daa2f7f906656d,f369418a4dc4ad06055a156e295a8a627298124467b1f186e0a14509041f3d04,sha256:92ec091de0c8c9caf0e3e97fe6d92fa4be366c4ee1819459f5daa2f7f906656d
train_val,f_r_1207_,data/suim_processed/images/train_val/f_r_1207_.jpg,data/suim_processed/masks/train_val/f_r_1207_.png,640,480,640,480,0,6|7,bit_threshold,0,307200,0,0.0,False,none,963b92ab90b9ed073ba9f7d8fc196a04c9ff4bf089809dddf93fc752c737f0b0,dbef6f81f7139c1bf087c0f88add4cd9e569f2d82938bea0c752923a6f390291,sha256:963b92ab90b9ed073ba9f7d8fc196a04c9ff4bf089809dddf93fc752c737f0b0
train_val,f_r_1241_,data/suim_processed/images/train_val/f_r_1241_.jpg,data/suim_processed/masks/train_val/f_r_1241_.png,640,480,640,480,0,0|1|6,bit_threshold,0,307200,0,0.0,False,none,3dbe45159effa512ed64732afd1d1f7d888cc32dd5780b313fae1d98bbec9c18,b702959c894e536c6c04e5f6dfa27f3fae1163063555ab11e70c90239ce21251,sha256:3dbe45159effa512ed64732afd1d1f7d888cc32dd5780b313fae1d98bbec9c18
train_val,f_r_1267_,data/suim_processed/images/train_val/f_r_1267_.jpg,data/suim_processed/masks/train_val/f_r_1267_.png,640,480,640,480,0,0|4|5|6|7,bit_threshold,117387,307200,117387,0.382119140625,False,none,ffe2801ec6a51f2aabeeed12381280828f6f04a66e7d796c7c530dcc2d558f4c,0e0e51d60e47a9753a67d33c3619b56d8733b2bccb14b56a577c77407df18e25,sha256:ffe2801ec6a51f2aabeeed12381280828f6f04a66e7d796c7c530dcc2d558f4c
train_val,f_r_1271_,data/suim_processed/images/train_val/f_r_1271_.jpg,data/suim_processed/masks/train_val/f_r_1271_.png,960,540,960,540,0,0|5|6,bit_threshold,0,518400,0,0.0,False,none,2c4bb195f2e52aa3a296ffd740baa8d208b79b78f2e50aa1464e01b240216f64,4f625c75d98719eca4050f040071825aacc9747559f35b9ec91cfda46c77906e,sha256:2c4bb195f2e52aa3a296ffd740baa8d208b79b78f2e50aa1464e01b240216f64
train_val,f_r_1291_,data/suim_processed/images/train_val/f_r_1291_.jpg,data/suim_processed/masks/train_val/f_r_1291_.png,640,480,640,480,0,0|2|5|6,bit_threshold,0,307200,0,0.0,False,none,232b4dec649d91fb55fdddaba72fc01a4d3b0676c14eab577110bb3b2b3aa90a,0fac3ac61ea406ab19f038ee88ce8b13c26381fd5e7c484c819bca5e8ac628b0,sha256:232b4dec649d91fb55fdddaba72fc01a4d3b0676c14eab577110bb3b2b3aa90a
train_val,f_r_1305_,data/suim_processed/images/train_val/f_r_1305_.jpg,data/suim_processed/masks/train_val/f_r_1305_.png,640,480,640,480,0,0|5|7,bit_threshold,0,307200,0,0.0,False,none,6f30097b8ba85a0204cf226c690a169d787e5f60ee0a3c989fa0a6a8d7b004e1,a5a9e845d0fb6db43ffee0dcb29a131d592530e54e9b2393df897b7c0667bd03,sha256:6f30097b8ba85a0204cf226c690a169d787e5f60ee0a3c989fa0a6a8d7b004e1
train_val,f_r_1306_,data/suim_processed/images/train_val/f_r_1306_.jpg,data/suim_processed/masks/train_val/f_r_1306_.png,640,480,640,480,0,0|5|6,bit_threshold,0,307200,0,0.0,False,none,c9dbfa2b98db5e0d18e8e04b699a30c8dc79d8dff6563c6741109177ab391f94,2176d8698bd0d0d8bf1699aa4b7c8f192721825e0d73c03039d9ad253f0a5137,sha256:c9dbfa2b98db5e0d18e8e04b699a30c8dc79d8dff6563c6741109177ab391f94
train_val,f_r_1335_,data/suim_processed/images/train_val/f_r_1335_.jpg,data/suim_processed/masks/train_val/f_r_1335_.png,640,480,640,480,0,0|5|6,bit_threshold,0,307200,0,0.0,False,none,121b2d646aca984b4dc120837c6bfbe11f732fd27a8faecb8a557a6c71feb63d,2b703d61d659bf21f8b6ef696ee21459de345ff5ad0479defb4e55936e9b55e3,sha256:121b2d646aca984b4dc120837c6bfbe11f732fd27a8faecb8a557a6c71feb63d
train_val,f_r_1341_,data/suim_processed/images/train_val/f_r_1341_.jpg,data/suim_processed/masks/train_val/f_r_1341_.png,640,480,640,480,0,0|6|7,bit_threshold,0,307200,0,0.0,False,none,1d6729f15b09142cfb06ccae9c888f83bfed7cdbd56a7660ba6ba73511913681,2c12dcb88a169ca89d49f62134831dae3828674ecdabc4de3b27bea31d1bdbdb,sha256:1d6729f15b09142cfb06ccae9c888f83bfed7cdbd56a7660ba6ba73511913681
train_val,f_r_1347_,data/suim_processed/images/train_val/f_r_1347_.jpg,data/suim_processed/masks/train_val/f_r_1347_.png,640,480,640,480,0,0|1|6|7,bit_threshold,0,307200,0,0.0,False,none,040220d02521efd278e68710e494ccf1c19fd5021a4f591f53b699bd2f6cbdcb,c6fb3bc0427839c030c49719962b5bf9e97d1d8b70620b0ab46e7677dc921c2c,sha256:040220d02521efd278e68710e494ccf1c19fd5021a4f591f53b699bd2f6cbdcb
train_val,f_r_1353_,data/suim_processed/images/train_val/f_r_1353_.jpg,data/suim_processed/masks/train_val/f_r_1353_.png,640,480,640,480,0,0|5|6,bit_threshold,0,307200,0,0.0,False,none,3a86a6c676603763a6d617352485d37b19f5c84fa9970a2aace4d5554eb5e748,e725639818fec95ae399e5290c44eb2e63246e65c58ad898844505aa6a1c9f84,sha256:3a86a6c676603763a6d617352485d37b19f5c84fa9970a2aace4d5554eb5e748
train_val,f_r_1355_,data/suim_processed/images/train_val/f_r_1355_.jpg,data/suim_processed/masks/train_val/f_r_1355_.png,640,480,640,480,0,0|5|6,bit_threshold,0,307200,0,0.0,False,none,372d76a851994d9ecb26d82f7a46c12c9a5c693655adf5dd593b1dbf9534b1bf,ae862c51aa3aa692592abd4a153d83d287482cfdf5089efa5e7334863e034c79,sha256:372d76a851994d9ecb26d82f7a46c12c9a5c693655adf5dd593b1dbf9534b1bf
train_val,f_r_1374_,data/suim_processed/images/train_val/f_r_1374_.jpg,data/suim_processed/masks/train_val/f_r_1374_.png,640,480,640,480,0,0|2|5|7,bit_threshold,0,307200,0,0.0,False,none,45c552301cd79ebb38d6f570cfca5edcfe5615255850307903070b660ba323b7,4be4c5cfdd299b67b28545e8fd5d9b219cf1d725f35c11f8f6ee762ccd960886,sha256:45c552301cd79ebb38d6f570cfca5edcfe5615255850307903070b660ba323b7
train_val,f_r_1386_,data/suim_processed/images/train_val/f_r_1386_.jpg,data/suim_processed/masks/train_val/f_r_1386_.png,640,480,640,480,0,0|2|5|6,bit_threshold,0,307200,0,0.0,False,none,51f75f95dcc73f9e6172ceb324c980ac4e0e46791d16f388aaf2e8bc2e4244fd,4ddb7e51a4ec63ca41a4aac3e017d25848324e5d6354bc6a873720c6abde40e8,sha256:51f75f95dcc73f9e6172ceb324c980ac4e0e46791d16f388aaf2e8bc2e4244fd
train_val,f_r_1401_,data/suim_processed/images/train_val/f_r_1401_.jpg,data/suim_processed/masks/train_val/f_r_1401_.png,640,480,640,480,0,5|6|7,bit_threshold,0,307200,0,0.0,False,none,dba6f6c174981288080317f34148e7c8b2950e2ee36ef3bdd1ac713e80791b4e,2b6fab9b7db58426e3a336e97572d3aa46a5550795cf30acbaef627cd7abd786,sha256:dba6f6c174981288080317f34148e7c8b2950e2ee36ef3bdd1ac713e80791b4e
train_val,f_r_1417_,data/suim_processed/images/train_val/f_r_1417_.jpg,data/suim_processed/masks/train_val/f_r_1417_.png,640,480,640,480,0,0|5|6|7,bit_threshold,0,307200,0,0.0,False,none,b8544a44e88a564620da9fac31593cf0c4b80b01e7a14ffc0663fa2b36598658,547141e23fd42d30a9c0606ca0fa0e1014596e31fdaa489d08ad946df583414f,sha256:b8544a44e88a564620da9fac31593cf0c4b80b01e7a14ffc0663fa2b36598658
train_val,f_r_141_,data/suim_processed/images/train_val/f_r_141_.jpg,data/suim_processed/masks/train_val/f_r_141_.png,640,480,640,480,0,0|5|6,bit_threshold,0,307200,0,0.0,False,none,e7dd598fbd030e76886283bb2f489c99d8812a703cb49d2e101dbb49e9e01de8,7a025e3764a43f3e0ee86fda1594cb48f070ec3aae8b301c78e5b0534d0aab1a,sha256:e7dd598fbd030e76886283bb2f489c99d8812a703cb49d2e101dbb49e9e01de8
train_val,f_r_1485_,data/suim_processed/images/train_val/f_r_1485_.jpg,data/suim_processed/masks/train_val/f_r_1485_.png,640,480,640,480,0,0|2|5|6,bit_threshold,0,307200,0,0.0,False,none,a48f8c6ebb3cc891bb6a99e3ce0b3ada7d0e2f5d7050a299e892d88856a30db2,8abd4c6aea67b0c1fd78378c8eb93b5ec05961475723da4b6a2b67bc55cc355f,sha256:a48f8c6ebb3cc891bb6a99e3ce0b3ada7d0e2f5d7050a299e892d88856a30db2
train_val,f_r_1516_,data/suim_processed/images/train_val/f_r_1516_.jpg,data/suim_processed/masks/train_val/f_r_1516_.png,640,480,640,480,0,0|2|5|6|7,bit_threshold,0,307200,0,0.0,False,none,aecb8ea142d2df1cf63f5d0f95471be89ff0d9907edb490f0f2e4029cacbdabf,32cb5f326eb42b2ee7d064d2a10125f2e66513ca80eff477130262aa25f79b52,sha256:aecb8ea142d2df1cf63f5d0f95471be89ff0d9907edb490f0f2e4029cacbdabf
train_val,f_r_1517_,data/suim_processed/images/train_val/f_r_1517_.jpg,data/suim_processed/masks/train_val/f_r_1517_.png,640,480,640,480,0,0|2|5|6,bit_threshold,0,307200,0,0.0,False,none,d16f7d56be671d1cf30e393f13bcd1ea3b6104a56ee88c75a404acf64981e97d,8fe048d105f03112f3358b4e49cdda9e28e58ecc58d8db55e626a7a3796d0a78,sha256:d16f7d56be671d1cf30e393f13bcd1ea3b6104a56ee88c75a404acf64981e97d
train_val,f_r_1530_,data/suim_processed/images/train_val/f_r_1530_.jpg,data/suim_processed/masks/train_val/f_r_1530_.png,640,480,640,480,0,5|6|7,bit_threshold,0,307200,0,0.0,False,none,bb32cfdd510e0e997a489abf2da7992e02b43263e486eb70d5abf974aeb058dc,3cbf049c439eff68e60554e33f54efe61350ba43ec64888fcaa4166baf38172f,sha256:bb32cfdd510e0e997a489abf2da7992e02b43263e486eb70d5abf974aeb058dc
train_val,f_r_1531_,data/suim_processed/images/train_val/f_r_1531_.jpg,data/suim_processed/masks/train_val/f_r_1531_.png,640,480,640,480,0,0|5|7,bit_threshold,0,307200,0,0.0,False,none,410dc0a3d195c4051c91bf12fa5cbff8151e7bd77992f5776ba12a6b799261ba,99c5e6895234b5658a95e240b9ce40891de74efd490c479f131d14821d387bf8,sha256:410dc0a3d195c4051c91bf12fa5cbff8151e7bd77992f5776ba12a6b799261ba
train_val,f_r_1534_,data/suim_processed/images/train_val/f_r_1534_.jpg,data/suim_processed/masks/train_val/f_r_1534_.png,640,480,640,480,0,0|5|6,bit_threshold,0,307200,0,0.0,False,none,a80347a73f2633ded3f6049a083083a6497ecaf729f6e265add9880adc9006bf,9943b345c378aedba37adbc22d8567fc0908a75d0a1abf7136c22ceb7c0f14b1,sha256:a80347a73f2633ded3f6049a083083a6497ecaf729f6e265add9880adc9006bf
train_val,f_r_1539_,data/suim_processed/images/train_val/f_r_1539_.jpg,data/suim_processed/masks/train_val/f_r_1539_.png,640,480,640,480,0,5|6|7,bit_threshold,0,307200,0,0.0,False,none,945f9227cfec85cc5701795c6ec0edb96c54746c01d3090fe1ff93e8ad2ebee3,f543c5bd0272a747a6f05e753504a51a8ea2341a30524a9b88c1fe52deccca95,sha256:945f9227cfec85cc5701795c6ec0edb96c54746c01d3090fe1ff93e8ad2ebee3
train_val,f_r_1569_,data/suim_processed/images/train_val/f_r_1569_.jpg,data/suim_processed/masks/train_val/f_r_1569_.png,640,480,640,480,0,0|3|7,bit_threshold,0,307200,0,0.0,False,none,47f7a775413d5303992daa433e199a24fbbb17870c134923818050db608fadbe,19e3f5cd625bfb3a8858a6d45d35407aa15f7441b7179ecfa2333ba83202d54e,sha256:47f7a775413d5303992daa433e199a24fbbb17870c134923818050db608fadbe
train_val,f_r_1582_,data/suim_processed/images/train_val/f_r_1582_.jpg,data/suim_processed/masks/train_val/f_r_1582_.png,640,480,640,480,0,6|7,bit_threshold,0,307200,0,0.0,False,none,ca2d85d34ef35aefc3dc7569d3e41b1bd2e4f85c321ded8fd9970b7fa7385c9f,8545c000984b63032008ce25d6a3f60b8c663f14fa3ac5fa9a18f1ae47e84c64,sha256:ca2d85d34ef35aefc3dc7569d3e41b1bd2e4f85c321ded8fd9970b7fa7385c9f
train_val,f_r_1587_,data/suim_processed/images/train_val/f_r_1587_.jpg,data/suim_processed/masks/train_val/f_r_1587_.png,640,480,640,480,0,0|2|5|6,bit_threshold,0,307200,0,0.0,False,none,873cec67387ebf8b1ef37cb05ec21fbb102a6d713a38948efedc028802b749e9,1b7fe82f9594ef9910968f6f754ad2e312050bb708bd9af0cdcd6e6214522380,sha256:873cec67387ebf8b1ef37cb05ec21fbb102a6d713a38948efedc028802b749e9
train_val,f_r_1590_,data/suim_processed/images/train_val/f_r_1590_.jpg,data/suim_processed/masks/train_val/f_r_1590_.png,960,540,960,540,0,6|7,bit_threshold,0,518400,0,0.0,False,none,3e947086cb59d212bcebc9deb9cca23b10540c3eafdfb044a019f203341a88c4,0888a3fa4b224aefd422122a1cd496035a8afb269c6a9eded7d7269cc2fa46b0,sha256:3e947086cb59d212bcebc9deb9cca23b10540c3eafdfb044a019f203341a88c4
train_val,f_r_1650_,data/suim_processed/images/train_val/f_r_1650_.jpg,data/suim_processed/masks/train_val/f_r_1650_.png,640,480,640,480,0,0|5|6,bit_threshold,0,307200,0,0.0,False,none,e5585d3babd477fd2aa7a89dc198bc394436700575f456ae4b4cee19975ca8f4,693ac8f1def4a9575a485447869624f72886faedfc5be2c49e310685c0ab81fa,sha256:e5585d3babd477fd2aa7a89dc198bc394436700575f456ae4b4cee19975ca8f4
train_val,f_r_1663_,data/suim_processed/images/train_val/f_r_1663_.jpg,data/suim_processed/masks/train_val/f_r_1663_.png,640,480,640,480,0,0|6,bit_threshold,0,307200,0,0.0,False,none,0038140093370dbfa4fe8a64677eed6867ab52d47836f8dd16e88d9f97e6c403,3d28f4664ac3f634757944d0e664dc3f5f774a6bd31960a73a28ffe3293e378c,sha256:0038140093370dbfa4fe8a64677eed6867ab52d47836f8dd16e88d9f97e6c403
train_val,f_r_1666_,data/suim_processed/images/train_val/f_r_1666_.jpg,data/suim_processed/masks/train_val/f_r_1666_.png,640,480,640,480,0,0|5|6,bit_threshold,0,307200,0,0.0,False,none,f8cbc823a51fed7fdf2dbe1b149987f988e98e1bf1832d6e8de24ba2ae7e0f58,7566960a4431969b0bc7a9ae8000c379358ad4ca68e157d6ba38c66d85a265ea,sha256:f8cbc823a51fed7fdf2dbe1b149987f988e98e1bf1832d6e8de24ba2ae7e0f58
train_val,f_r_166_,data/suim_processed/images/train_val/f_r_166_.jpg,data/suim_processed/masks/train_val/f_r_166_.png,640,480,640,480,0,0|6,bit_threshold,0,307200,0,0.0,False,none,96a9233a9b147748c8eda3812c5cef821a22247efffb66b94f38245cd1ed1e68,4d08bc55cd8a2a78ca55301b47e582f89049764ea7e5c318330e6385d06e7516,sha256:96a9233a9b147748c8eda3812c5cef821a22247efffb66b94f38245cd1ed1e68
train_val,f_r_1684_,data/suim_processed/images/train_val/f_r_1684_.jpg,data/suim_processed/masks/train_val/f_r_1684_.png,640,480,640,480,0,0|1|5|7,bit_threshold,0,307200,0,0.0,False,none,f0224b19831d59ef7becb89162a22afe07f256053540abe3854971569dd717a8,0d1be86f5a08bf20a428a991beb7f4b3dce58dc1c531e882f0383645c3facd7d,sha256:f0224b19831d59ef7becb89162a22afe07f256053540abe3854971569dd717a8
train_val,f_r_1691_,data/suim_processed/images/train_val/f_r_1691_.jpg,data/suim_processed/masks/train_val/f_r_1691_.png,640,480,640,480,0,5|6|7,bit_threshold,0,307200,0,0.0,False,none,5b48aa5a7dddc734ddfaffaefc3fd23cab8fc9a3d1c12a7017b7fb704eb730a8,a14b2e60b0d845dfeec63352b5877b138c161ed5ba9b125573c7acc0bed27b32,sha256:5b48aa5a7dddc734ddfaffaefc3fd23cab8fc9a3d1c12a7017b7fb704eb730a8
train_val,f_r_1731_,data/suim_processed/images/train_val/f_r_1731_.jpg,data/suim_processed/masks/train_val/f_r_1731_.png,640,480,640,480,0,2|5|6|7,bit_threshold,0,307200,0,0.0,False,none,808e516d2db698914fdee3cf1fd164fa37658a01fd23b30ab9b994ea8799d7d7,205d3bbfa115b91504593ab8cfb4821e4aeb078ffcc409b88900febd54c7eff7,sha256:808e516d2db698914fdee3cf1fd164fa37658a01fd23b30ab9b994ea8799d7d7
train_val,f_r_1751_,data/suim_processed/images/train_val/f_r_1751_.jpg,data/suim_processed/masks/train_val/f_r_1751_.png,640,480,640,480,0,0|5|6|7,bit_threshold,0,307200,0,0.0,False,none,b86c5c0168937d434bed7726235b2d08e3b7ce64cc8ab361258d53b7e3f7b3a2,a9c065d1ca9569eac92a0cbc26741f855ab8b1895eae65a01e32139627bd9268,sha256:b86c5c0168937d434bed7726235b2d08e3b7ce64cc8ab361258d53b7e3f7b3a2
train_val,f_r_1791_,data/suim_processed/images/train_val/f_r_1791_.jpg,data/suim_processed/masks/train_val/f_r_1791_.png,640,480,640,480,0,5|6|7,bit_threshold,0,307200,0,0.0,False,none,6275cf43732404f454910f8a7f371348606cbab0e550533250a293d546adf021,e42d6e2f1bd96476076a242a38a900ccfee8d3ed71427b34909cc9eba214560f,sha256:6275cf43732404f454910f8a7f371348606cbab0e550533250a293d546adf021
train_val,f_r_1807_,data/suim_processed/images/train_val/f_r_1807_.jpg,data/suim_processed/masks/train_val/f_r_1807_.png,640,480,640,480,0,0|5|6|7,bit_threshold,0,307200,0,0.0,False,none,dd8c83cc8f1b2acafbd29663660c377b2ce13cacb901d24173b3e8f1f3bfec2a,787938708ee67761c7fd64753a3ed20a62e0a912315b5862576cb77abb426828,sha256:dd8c83cc8f1b2acafbd29663660c377b2ce13cacb901d24173b3e8f1f3bfec2a
train_val,f_r_1871_,data/suim_processed/images/train_val/f_r_1871_.jpg,data/suim_processed/masks/train_val/f_r_1871_.png,640,480,640,480,0,0|5|6,bit_threshold,0,307200,0,0.0,False,none,57b42ffab96161dfba20ad3505b62b0f9ad4ba97e3fdfe9784efeea67b22a412,c6328bc2f5ba43b810e1d2285d627956340f82a2f30c5b5fa6bc70505cf82b47,sha256:57b42ffab96161dfba20ad3505b62b0f9ad4ba97e3fdfe9784efeea67b22a412
train_val,f_r_1876_,data/suim_processed/images/train_val/f_r_1876_.jpg,data/suim_processed/masks/train_val/f_r_1876_.png,640,480,640,480,0,5|6|7,bit_threshold,0,307200,0,0.0,False,none,ad69193fe9ff1a48081ae338c5f3dcdbd4bb939b7682482e70b74e49a55ce881,0bdec448fc6aec29896265fbbc37817b30e89030217af5f9d1a30330ad4f69d2,sha256:ad69193fe9ff1a48081ae338c5f3dcdbd4bb939b7682482e70b74e49a55ce881
train_val,f_r_1884_,data/suim_processed/images/train_val/f_r_1884_.jpg,data/suim_processed/masks/train_val/f_r_1884_.png,640,480,640,480,0,0|6|7,bit_threshold,0,307200,0,0.0,False,none,81fa2705c38a2ed7b1edfadd659101a3077b007e0ae474b079d5e1cc708b248a,e40c96b5930918d0f39c3f9e88cf27c954c65d81b8f0afe3e05b06737cc46cfa,sha256:81fa2705c38a2ed7b1edfadd659101a3077b007e0ae474b079d5e1cc708b248a
train_val,f_r_1968_,data/suim_processed/images/train_val/f_r_1968_.jpg,data/suim_processed/masks/train_val/f_r_1968_.png,640,480,640,480,0,0|5|6|7,bit_threshold,0,307200,0,0.0,False,none,cdec3b22566f7cbf6327990fc7741fe1f6450c63d8166062392eafe4243fe725,33cdd1d5929817b01025bead720bad6dcf3cdace2b48b64896e395da9afbf1d7,sha256:cdec3b22566f7cbf6327990fc7741fe1f6450c63d8166062392eafe4243fe725
train_val,f_r_1969_,data/suim_processed/images/train_val/f_r_1969_.jpg,data/suim_processed/masks/train_val/f_r_1969_.png,640,480,640,480,0,0|5|6|7,bit_threshold,0,307200,0,0.0,False,none,2144363cd6fd1a9cb3c00cfa65a17c9e119115aeaebea033aced50983fbcd2c0,f482cf900cf4dc838017e1538774baa78c5021e7c9aae840a19061cbfc2b5024,sha256:2144363cd6fd1a9cb3c00cfa65a17c9e119115aeaebea033aced50983fbcd2c0
train_val,f_r_1983_,data/suim_processed/images/train_val/f_r_1983_.jpg,data/suim_processed/masks/train_val/f_r_1983_.png,640,480,640,480,0,0|5,bit_threshold,0,307200,0,0.0,False,none,08c90802ead27991703d0cf4674eea9730aa25a1a40a65bffdd0df220296399d,aa9fe74417a7c1af7c3d15785ac4d4218f192f51d699dfe34150ff6733cc0e32,sha256:08c90802ead27991703d0cf4674eea9730aa25a1a40a65bffdd0df220296399d
train_val,f_r_1986_,data/suim_processed/images/train_val/f_r_1986_.jpg,data/suim_processed/masks/train_val/f_r_1986_.png,640,480,640,480,0,0|5|6,bit_threshold,0,307200,0,0.0,False,none,c517c92c304b80431c2e2f4e274e0f586d28038cc60fa3f31e5a4cb0565a3b03,69b10dec5e4322e4ed91461c0d4a32ca608bc986d5eb2526896e507dbafbf62e,sha256:c517c92c304b80431c2e2f4e274e0f586d28038cc60fa3f31e5a4cb0565a3b03
train_val,f_r_2012_,data/suim_processed/images/train_val/f_r_2012_.jpg,data/suim_processed/masks/train_val/f_r_2012_.png,640,480,640,480,0,0|5|6,bit_threshold,0,307200,0,0.0,False,none,1c2181d6d41b06975fdf5ea2e14334f231abc2fd388301c3842197bc9de96c88,699376a402c0ed9f85a33dee42fe00067914fa33d66f5cd0adf0b7f397623fea,sha256:1c2181d6d41b06975fdf5ea2e14334f231abc2fd388301c3842197bc9de96c88
train_val,f_r_2015_,data/suim_processed/images/train_val/f_r_2015_.jpg,data/suim_processed/masks/train_val/f_r_2015_.png,960,540,960,540,0,0|5|6,bit_threshold,0,518400,0,0.0,False,none,7b47fe6fc6cd2ff18306fd36e0f2564e5b25519c1c5172d0a163b3f353b9a18e,aeffe6df9707adadbb2a4392f8c8edac52f117269b7d824b3bc329202259213c,sha256:7b47fe6fc6cd2ff18306fd36e0f2564e5b25519c1c5172d0a163b3f353b9a18e
train_val,f_r_2032_,data/suim_processed/images/train_val/f_r_2032_.jpg,data/suim_processed/masks/train_val/f_r_2032_.png,640,480,640,480,0,5|6,bit_threshold,0,307200,0,0.0,False,none,550056e268d2479c8d24d10b1393b4a3f618ad850a77006c7555fe9934171fca,962999061c77ed3a1a5b18dea9b16c7e6be0d8a30697c8999cf0eee3b79bf8d4,sha256:550056e268d2479c8d24d10b1393b4a3f618ad850a77006c7555fe9934171fca
train_val,f_r_2039_,data/suim_processed/images/train_val/f_r_2039_.jpg,data/suim_processed/masks/train_val/f_r_2039_.png,640,480,640,480,0,0|5|6,bit_threshold,0,307200,0,0.0,False,none,4cef784fe38b326446a47af9e2690dfd213d94ae0ffafb7366d73d7c181cfefc,aa08af47b7b858e794d0c1997295d44b656b5c7e706599ce4bd8c7b9fab5f69f,sha256:4cef784fe38b326446a47af9e2690dfd213d94ae0ffafb7366d73d7c181cfefc
train_val,f_r_2055_,data/suim_processed/images/train_val/f_r_2055_.jpg,data/suim_processed/masks/train_val/f_r_2055_.png,640,480,640,480,0,0|5|6,bit_threshold,0,307200,0,0.0,False,none,a5247c84f366e2749d0f5629442c46da5e555967f0123587af8816ee487201fa,6e104e4e783314e670412305c8dccf36d3edf2a431fc2584cb1b91d97374371d,sha256:a5247c84f366e2749d0f5629442c46da5e555967f0123587af8816ee487201fa
train_val,f_r_2060_,data/suim_processed/images/train_val/f_r_2060_.jpg,data/suim_processed/masks/train_val/f_r_2060_.png,640,480,640,480,0,5|6|7,bit_threshold,0,307200,0,0.0,False,none,a2eef66d861e672f61da1fa4d19fb852279c4517012adeee842b4686bec1c86b,bb1425603ca5d97cd7c34355230ff31c336cae2248ec5ca2dd8e32829c1e0a98,sha256:a2eef66d861e672f61da1fa4d19fb852279c4517012adeee842b4686bec1c86b
train_val,f_r_2082_,data/suim_processed/images/train_val/f_r_2082_.jpg,data/suim_processed/masks/train_val/f_r_2082_.png,640,480,640,480,0,0|5|6,bit_threshold,0,307200,0,0.0,False,none,52317ff11b9d8a8531ba1a247354d95bf6a98f255eb29f551fdeac650a50c96e,57675164f13f22ce428fd1722ab8e9034a45b3b9f0db0c1548d99aa56c6af606,sha256:52317ff11b9d8a8531ba1a247354d95bf6a98f255eb29f551fdeac650a50c96e
train_val,f_r_217_,data/suim_processed/images/train_val/f_r_217_.jpg,data/suim_processed/masks/train_val/f_r_217_.png,640,480,640,480,0,0|5|6|7,bit_threshold,0,307200,0,0.0,False,none,ad18f12a988633257781bbf404561c7a7c4649f0998deae6feadba83d89228af,fbbad67951dae2511a6c4c8d71e18335eb344e719bf58cf8dee4b12b69768894,sha256:ad18f12a988633257781bbf404561c7a7c4649f0998deae6feadba83d89228af
train_val,f_r_23_,data/suim_processed/images/train_val/f_r_23_.jpg,data/suim_processed/masks/train_val/f_r_23_.png,640,480,640,480,0,0|5|6,bit_threshold,0,307200,0,0.0,False,none,a6f0d6b73e229a87124b53344d1aec6a17590bd608f6ea24c661b2446b9f75c4,9ea16b8d506a189df61f610c275c1326042571f6598238d7d19592a591f731b4,sha256:a6f0d6b73e229a87124b53344d1aec6a17590bd608f6ea24c661b2446b9f75c4
train_val,f_r_277_,data/suim_processed/images/train_val/f_r_277_.jpg,data/suim_processed/masks/train_val/f_r_277_.png,640,480,640,480,0,0|6,bit_threshold,0,307200,0,0.0,False,none,ae66c7ffa0caddb732daceec7e0d0741c8ecb6b58b01a78f11c45aa871b43e65,42027261ee0a1c42e20e91b2974ce6703e647ae386027ad500bf23fdf185df09,sha256:ae66c7ffa0caddb732daceec7e0d0741c8ecb6b58b01a78f11c45aa871b43e65
train_val,f_r_282_,data/suim_processed/images/train_val/f_r_282_.jpg,data/suim_processed/masks/train_val/f_r_282_.png,640,480,640,480,0,0|6|7,bit_threshold,0,307200,0,0.0,False,none,71a2c52c86cc0ae63a46be3f6ef5020d8fff487d83cc82a3713cd4a454cdd23f,d990c91b654fa89a7d61e10469d7bd4f121cad250b63bc33bf88c37860d8bbcd,sha256:71a2c52c86cc0ae63a46be3f6ef5020d8fff487d83cc82a3713cd4a454cdd23f
train_val,f_r_301_,data/suim_processed/images/train_val/f_r_301_.jpg,data/suim_processed/masks/train_val/f_r_301_.png,640,480,640,480,0,0|5|6,bit_threshold,0,307200,0,0.0,False,none,5bcaa8946ed98f51e76f23c1c4f9b4b06352903f4af26b7a678a60e11f42bad5,6b4341af1b7f625e02e05f0dd786955a56a171053c5b7f5a34151c16abd18a93,sha256:5bcaa8946ed98f51e76f23c1c4f9b4b06352903f4af26b7a678a60e11f42bad5
train_val,f_r_320_,data/suim_processed/images/train_val/f_r_320_.jpg,data/suim_processed/masks/train_val/f_r_320_.png,960,540,960,540,0,5|6|7,bit_threshold,0,518400,0,0.0,False,none,63927cd6136930c4311907dd36e0a1cad340f4337131bff856f8c3b36892fa8c,071e630fcc8e325dea27b344306bc7119024b74140d17839f3c01a2317e5f979,sha256:63927cd6136930c4311907dd36e0a1cad340f4337131bff856f8c3b36892fa8c
train_val,f_r_414_,data/suim_processed/images/train_val/f_r_414_.jpg,data/suim_processed/masks/train_val/f_r_414_.png,640,480,640,480,0,0|5|6,bit_threshold,0,307200,0,0.0,False,none,5b3f74c72a8dd31d65592c0f2e982ffe23f4f133462e2652abadc36cb29b23cf,3650eb9051ab5751450d06516b8ad212c9668461c84b6405b7f18ad0755c2250,sha256:5b3f74c72a8dd31d65592c0f2e982ffe23f4f133462e2652abadc36cb29b23cf
train_val,f_r_481_,data/suim_processed/images/train_val/f_r_481_.jpg,data/suim_processed/masks/train_val/f_r_481_.png,640,480,640,480,0,0|6,bit_threshold,0,307200,0,0.0,False,none,fe465a70d572c48caf48954c34278167fe308b483c3d51dfdb2d2036740d447f,840c7cf35885d55cf02059f3ddc9f31045b7ddddbfd42faf311661ef6a292105,sha256:fe465a70d572c48caf48954c34278167fe308b483c3d51dfdb2d2036740d447f
train_val,f_r_503_,data/suim_processed/images/train_val/f_r_503_.jpg,data/suim_processed/masks/train_val/f_r_503_.png,640,480,640,480,0,0|2|5|6|7,bit_threshold,0,307200,0,0.0,False,none,227e1ea621bb27222859060ae7aff3e14eaf3e0d2405971f0fd86466e5350d93,1019cd4c081ba53d443acf458fa7ce82fdc5b02d6f001d843b413e4dcadc4b5d,sha256:227e1ea621bb27222859060ae7aff3e14eaf3e0d2405971f0fd86466e5350d93
train_val,f_r_512_,data/suim_processed/images/train_val/f_r_512_.jpg,data/suim_processed/masks/train_val/f_r_512_.png,640,480,640,480,0,0|5|6,bit_threshold,0,307200,0,0.0,False,none,1810cf8fa9d856ded7881582dd78efb59a16d89befcb2564cf6b13c245accd38,74e5d76a32c1147fff8ca7a46759e9aab5e36ffc2514dab1ab5985c6dd4c5fac,sha256:1810cf8fa9d856ded7881582dd78efb59a16d89befcb2564cf6b13c245accd38
train_val,f_r_526_,data/suim_processed/images/train_val/f_r_526_.jpg,data/suim_processed/masks/train_val/f_r_526_.png,640,480,640,480,0,0|2|5|6|7,bit_threshold,0,307200,0,0.0,False,none,84dd8bd4d11cccde006ba897aa033a5c870b4c7e10e0d7098480500b4767929b,6ac7dd5b3cc16757adc4525aaacf39d14b1cf7c5d6307bc8a7150e6fb624f9c4,sha256:84dd8bd4d11cccde006ba897aa033a5c870b4c7e10e0d7098480500b4767929b
train_val,f_r_527_,data/suim_processed/images/train_val/f_r_527_.jpg,data/suim_processed/masks/train_val/f_r_527_.png,640,480,640,480,0,2|5|6,bit_threshold,0,307200,0,0.0,False,none,c1db2041fa2795c0a62742e64830caa6bc67d4b2b5534b655533df4dcb0c86b9,d35a8f186cf9f9da84d80a6e54008607ae5af584eafccc4e28a906fbb31e577d,sha256:c1db2041fa2795c0a62742e64830caa6bc67d4b2b5534b655533df4dcb0c86b9
train_val,f_r_602_,data/suim_processed/images/train_val/f_r_602_.jpg,data/suim_processed/masks/train_val/f_r_602_.png,640,480,640,480,0,0|5|6|7,bit_threshold,0,307200,0,0.0,False,none,cb8387332f4e0eca0e9bde1e1be11b6e1746cb206577611bd25793ed4d7f0b49,bd4b6c91a44e463e06e0e3deb4411bd582d2dc23a9517d21da32901b03475c58,sha256:cb8387332f4e0eca0e9bde1e1be11b6e1746cb206577611bd25793ed4d7f0b49
train_val,f_r_605_,data/suim_processed/images/train_val/f_r_605_.jpg,data/suim_processed/masks/train_val/f_r_605_.png,640,480,640,480,0,0|5|6,bit_threshold,0,307200,0,0.0,False,none,dfa847a4ef46f9f23169d12ce3f2fc28d179773cb87afba8d06f94f6fc5b7b78,04b1a7f13028dbd6e151f7ace67a0077aa56c1bbaf247f2a33cd7430799f2ccc,sha256:dfa847a4ef46f9f23169d12ce3f2fc28d179773cb87afba8d06f94f6fc5b7b78
train_val,f_r_609_,data/suim_processed/images/train_val/f_r_609_.jpg,data/suim_processed/masks/train_val/f_r_609_.png,640,480,640,480,0,0|5|6,bit_threshold,0,307200,0,0.0,False,none,3ecc483776709cc4f9bde4fea21fb1491b1a1173be3ed85cdcb28aec5316d8bd,aa00e1ee0104a1c86fff8cfc22f50679dda379bf6693e94a1d0e94739260aaa4,sha256:3ecc483776709cc4f9bde4fea21fb1491b1a1173be3ed85cdcb28aec5316d8bd
train_val,f_r_621_,data/suim_processed/images/train_val/f_r_621_.jpg,data/suim_processed/masks/train_val/f_r_621_.png,640,480,640,480,0,0|6,bit_threshold,0,307200,0,0.0,False,none,b8067d8fd867511698f326706a57a14cd7124206ed22b13d4916eb7cca609af9,3f9413530b7856dc85d1549677e43fd175a37bfe0e3b32f5e3cb621b50bb8ab1,sha256:b8067d8fd867511698f326706a57a14cd7124206ed22b13d4916eb7cca609af9
train_val,f_r_636_,data/suim_processed/images/train_val/f_r_636_.jpg,data/suim_processed/masks/train_val/f_r_636_.png,640,480,640,480,0,0|1|2|6|7,bit_threshold,0,307200,0,0.0,False,none,9cbe151a9337fc184cf68ba9e2046d19e690d115199444572e3cd2833d698f43,1b7929f121bc012aa8bdadb9a609e8cf869d9a5c64fa7315d275159310602abc,sha256:9cbe151a9337fc184cf68ba9e2046d19e690d115199444572e3cd2833d698f43
train_val,f_r_63_,data/suim_processed/images/train_val/f_r_63_.jpg,data/suim_processed/masks/train_val/f_r_63_.png,640,480,640,480,0,0|5|6,bit_threshold,0,307200,0,0.0,False,none,dcc8d4f2d41308d0206b47aa0f92d13f16f48e4d02760e49d736105d87858e52,90ad85aca4695dcc91b4fea4cbfcb95b5ac536e580f14c25ff4041840ac2b517,sha256:dcc8d4f2d41308d0206b47aa0f92d13f16f48e4d02760e49d736105d87858e52
train_val,f_r_68_,data/suim_processed/images/train_val/f_r_68_.jpg,data/suim_processed/masks/train_val/f_r_68_.png,640,480,640,480,0,0|5|6,bit_threshold,0,307200,0,0.0,False,none,b1ae6d03145654319cf061ecf266ff629d02c9e3f6fde5631fc5e765f61983c2,88fd9590e55c7d348e87a8d96834548ce5e2fdccf86724bb0a72ab57ac62d12e,sha256:b1ae6d03145654319cf061ecf266ff629d02c9e3f6fde5631fc5e765f61983c2
train_val,f_r_708_,data/suim_processed/images/train_val/f_r_708_.jpg,data/suim_processed/masks/train_val/f_r_708_.png,640,480,640,480,0,0|5|6,bit_threshold,0,307200,0,0.0,False,none,7e132891e6117aa77d7e250d15252add500726112182efd5f0f46f02090d3bc0,bbc3629402f6a266cabceecc34f36ca3bf57031d61ac9a12f32cb513531d16a2,sha256:7e132891e6117aa77d7e250d15252add500726112182efd5f0f46f02090d3bc0
train_val,f_r_754_,data/suim_processed/images/train_val/f_r_754_.jpg,data/suim_processed/masks/train_val/f_r_754_.png,640,480,640,480,0,0|1|5,bit_threshold,0,307200,0,0.0,False,none,3b4eb7fb8918efbbbf44f00836f3644f468a915f5364d91757591f87c2751220,ad683bb59102c25ff8773450d94d96b0f213d60874d24b98754de0d25a04feab,sha256:3b4eb7fb8918efbbbf44f00836f3644f468a915f5364d91757591f87c2751220
train_val,f_r_769_,data/suim_processed/images/train_val/f_r_769_.jpg,data/suim_processed/masks/train_val/f_r_769_.png,640,480,640,480,0,5|6,bit_threshold,0,307200,0,0.0,False,none,d5c60888846fcd465b86a1daed86bd939eef2b58ebc22a9723e2f32bbd5937eb,05e8b530dc83cf2596febec4538c19498be9715ddeb44ec8ea6a40dce4182dbc,sha256:d5c60888846fcd465b86a1daed86bd939eef2b58ebc22a9723e2f32bbd5937eb
train_val,f_r_795_,data/suim_processed/images/train_val/f_r_795_.jpg,data/suim_processed/masks/train_val/f_r_795_.png,640,480,640,480,0,0|5|6|7,bit_threshold,0,307200,0,0.0,False,none,3f2a95c6c548e97c4437d5b2c065123e46e1286f1fcf92d89caf95ddca3fdc73,df28aa2fd9e1b65d9981087f0c5efff138fe8e5ae13080b03745fdf9b133a9e8,sha256:3f2a95c6c548e97c4437d5b2c065123e46e1286f1fcf92d89caf95ddca3fdc73
train_val,f_r_821_,data/suim_processed/images/train_val/f_r_821_.jpg,data/suim_processed/masks/train_val/f_r_821_.png,640,480,640,480,0,0|5|6,bit_threshold,0,307200,0,0.0,False,none,ca185c634597b3c60d8f06a388eb6f7c1792015b637aeebd971f6d594615940a,b311939bd8c5a99797bcdc8f7b9b8829d318fc6c8331fe7dc41fd815161543a8,sha256:ca185c634597b3c60d8f06a388eb6f7c1792015b637aeebd971f6d594615940a
train_val,f_r_824_,data/suim_processed/images/train_val/f_r_824_.jpg,data/suim_processed/masks/train_val/f_r_824_.png,640,480,640,480,0,0|1|5,bit_threshold,0,307200,0,0.0,False,none,9726838286dbc67809a06d8414d350b061837333057d86f58d3f863c87692c47,2f659e2854f96dd284d98ea12b6fac36b379186605cf122b4afb239e84524daa,sha256:9726838286dbc67809a06d8414d350b061837333057d86f58d3f863c87692c47
train_val,f_r_840_,data/suim_processed/images/train_val/f_r_840_.jpg,data/suim_processed/masks/train_val/f_r_840_.png,960,540,960,540,0,0|5|6,bit_threshold,0,518400,0,0.0,False,none,50e9a492d136e6d4ba479c2c1e48f2a9549eeaa9a5aa064851bf55257e0eed39,2cbedce68424a77ba341439c35dc4f41d191acb3c6455e10ade366b6fee6c473,sha256:50e9a492d136e6d4ba479c2c1e48f2a9549eeaa9a5aa064851bf55257e0eed39
train_val,f_r_842_,data/suim_processed/images/train_val/f_r_842_.jpg,data/suim_processed/masks/train_val/f_r_842_.png,640,480,640,480,0,5|6,bit_threshold,0,307200,0,0.0,False,none,767857b8babd0cf55bc51038e7ccb7feeec58151a521eb48916985962f09d0e4,13058b1f4b4ac8771c9fbc89e8b4f8cb4e4174cce188a4df86a327ce3c4cba4a,sha256:767857b8babd0cf55bc51038e7ccb7feeec58151a521eb48916985962f09d0e4
train_val,f_r_856_,data/suim_processed/images/train_val/f_r_856_.jpg,data/suim_processed/masks/train_val/f_r_856_.png,640,480,640,480,0,0|6,bit_threshold,0,307200,0,0.0,False,none,35c8582f5bf38a10c12205d8783e0702628d72cc0b77e95b3ee443eca151971b,973308da80e7e193d4188faa2a3bda34fa3011a4ae07e22785250060930357b1,sha256:35c8582f5bf38a10c12205d8783e0702628d72cc0b77e95b3ee443eca151971b
train_val,f_r_905_,data/suim_processed/images/train_val/f_r_905_.jpg,data/suim_processed/masks/train_val/f_r_905_.png,640,480,640,480,0,0|5|6,bit_threshold,0,307200,0,0.0,False,none,4bfb222e3be2f5c3e7f03d96cf87fd16690786978f16a25b9f1479a7b7b4253e,dbd97b5709c35956d56f3d35b26d30820969b69924eeb19be77df28ed3b1e06c,sha256:4bfb222e3be2f5c3e7f03d96cf87fd16690786978f16a25b9f1479a7b7b4253e
train_val,f_r_913_,data/suim_processed/images/train_val/f_r_913_.jpg,data/suim_processed/masks/train_val/f_r_913_.png,640,480,640,480,0,0|5|6,bit_threshold,0,307200,0,0.0,False,none,c78ee5e6e9cad9ad98d3ecb36b74f6aef83f173d9ebb4a359113d2eedc036b93,0a239900ed1a0d471c73a48271d0c470012f63aadcca600eda3bce120d067805,sha256:c78ee5e6e9cad9ad98d3ecb36b74f6aef83f173d9ebb4a359113d2eedc036b93
train_val,f_r_920_,data/suim_processed/images/train_val/f_r_920_.jpg,data/suim_processed/masks/train_val/f_r_920_.png,640,480,640,480,0,0|5|6,bit_threshold,0,307200,0,0.0,False,none,acb253efa7b81675107229a5c199a9eefbc2994577f17549bd39eee4074bfe26,1a5c546043927bd57c0ff76ebce1b45c7ae1b6fa5a8db905040df4674ac65859,sha256:acb253efa7b81675107229a5c199a9eefbc2994577f17549bd39eee4074bfe26
train_val,f_r_923_,data/suim_processed/images/train_val/f_r_923_.jpg,data/suim_processed/masks/train_val/f_r_923_.png,640,480,640,480,0,0|6,bit_threshold,0,307200,0,0.0,False,none,c6093ca7a2a287dda5ac95e8ee3c0a871a2981e69aba916f43cff57517aefe1c,36f68b1e004ca970b7c4ed26a3a08249ff65ccc58391c7be3e83e4016cd1f331,sha256:c6093ca7a2a287dda5ac95e8ee3c0a871a2981e69aba916f43cff57517aefe1c
train_val,f_r_940_,data/suim_processed/images/train_val/f_r_940_.jpg,data/suim_processed/masks/train_val/f_r_940_.png,640,480,640,480,0,0|1|4|5|6|7,bit_threshold,230949,307200,230949,0.751787109375,False,none,2dca7b76da3ae360669ae445306769a7188ad4e3653cee1a17301b02f9ad2ce2,f37682bb536c6b686e32a1285da4cbf8e7c7002164905f338c6feca60f97c5fc,sha256:2dca7b76da3ae360669ae445306769a7188ad4e3653cee1a17301b02f9ad2ce2
train_val,f_r_961_,data/suim_processed/images/train_val/f_r_961_.jpg,data/suim_processed/masks/train_val/f_r_961_.png,640,480,640,480,0,0|2|5|6|7,bit_threshold,0,307200,0,0.0,False,none,00d726eab0c1edccec8c13851cf4cb806a90443d44edb33652603e461fbe8f21,2599ebbb43670b882f7dc09745b57e1973eb4284330713d401457969c1ae8f65,sha256:00d726eab0c1edccec8c13851cf4cb806a90443d44edb33652603e461fbe8f21
train_val,f_r_969_,data/suim_processed/images/train_val/f_r_969_.jpg,data/suim_processed/masks/train_val/f_r_969_.png,640,480,640,480,0,0|5|6,bit_threshold,0,307200,0,0.0,False,none,6d740f8226deb8255678fa887efb5ada592c5f818458dcb1401f23da76b8038b,28dbe48161a89f15b6d33db51b63907dc97fb4c3c145a7128ed7a10626a72d04,sha256:6d740f8226deb8255678fa887efb5ada592c5f818458dcb1401f23da76b8038b
train_val,f_r_975_,data/suim_processed/images/train_val/f_r_975_.jpg,data/suim_processed/masks/train_val/f_r_975_.png,640,480,640,480,0,0|5|6,bit_threshold,0,307200,0,0.0,False,none,8ec4704b265bfb758a66af9f2d79e42e076645ea253ece503943f051ab528e98,9984d6600e31aa91235183d4610054030cfcb6fabfd40e5831eb1f788087afa5,sha256:8ec4704b265bfb758a66af9f2d79e42e076645ea253ece503943f051ab528e98
train_val,n_l_25_,data/suim_processed/images/train_val/n_l_25_.jpg,data/suim_processed/masks/train_val/n_l_25_.png,960,540,960,540,0,0|4|7,bit_threshold,0,518400,0,0.0,False,none,1ff99d14c59f85b0360b24acb79152198b554dff462f19a1fc6373d14d995e2b,f01aa562db9ed9282670459c90867a5c673e8b642116a6340bfeafe7e66c6785,sha256:1ff99d14c59f85b0360b24acb79152198b554dff462f19a1fc6373d14d995e2b
train_val,n_l_28_,data/suim_processed/images/train_val/n_l_28_.jpg,data/suim_processed/masks/train_val/n_l_28_.png,960,540,960,540,0,0|1|4,bit_threshold,0,518400,0,0.0,False,none,612c70a4629c061b105e63e270736b0aeca8bb0210c19e8af1f33141b628424d,c9073b429b94f29f90fb4423665727d3ed8ae55175381ac0141833fbd52e7358,sha256:612c70a4629c061b105e63e270736b0aeca8bb0210c19e8af1f33141b628424d
train_val,n_l_32_,data/suim_processed/images/train_val/n_l_32_.jpg,data/suim_processed/masks/train_val/n_l_32_.png,960,540,960,540,0,0|1|4|7,bit_threshold,0,518400,0,0.0,False,none,0fe18965ecb048aeb3b5ef96331ce35a03dac813c8dbb4ad1104664af809450f,d982af7d9a9ba9ca4ba0f05e413dbd75bb70fcbcc3f929df5f0c879bb937c1d2,sha256:0fe18965ecb048aeb3b5ef96331ce35a03dac813c8dbb4ad1104664af809450f
train_val,n_l_41_,data/suim_processed/images/train_val/n_l_41_.jpg,data/suim_processed/masks/train_val/n_l_41_.png,640,480,640,480,0,5|7,bit_threshold,0,307200,0,0.0,False,none,4ca64e08a3e3a0371d8c7a5c72e7728e96f5d6bf6cdafce7f849b1ef14f475fe,0135ffa73c1ea58af8d15c2ac02b92dbb874714d634a8dd4b24d3c678e0930b5,sha256:4ca64e08a3e3a0371d8c7a5c72e7728e96f5d6bf6cdafce7f849b1ef14f475fe
train_val,n_l_58_,data/suim_processed/images/train_val/n_l_58_.jpg,data/suim_processed/masks/train_val/n_l_58_.png,960,540,960,540,0,0|2|6|7,bit_threshold,0,518400,0,0.0,False,none,10d0022da795becf8e5cd59f3a69c2861a80837fa60bb64fca699703bd3a448f,bb7864771b8684fd29cccaa7dab6edf664eb635c4a9c4121536adbb4cbf53fc1,sha256:10d0022da795becf8e5cd59f3a69c2861a80837fa60bb64fca699703bd3a448f
train_val,n_l_69_,data/suim_processed/images/train_val/n_l_69_.jpg,data/suim_processed/masks/train_val/n_l_69_.png,640,480,640,480,0,2|6|7,bit_threshold,0,307200,0,0.0,False,none,2c682e9637fab19f60dd4b73a82495b6f2cbebf6e1193514e6e6663e6bb2e843,93657179793dcb522482cfe2dfb5048e7014e487fa9fb5ad382398ee743c2941,sha256:2c682e9637fab19f60dd4b73a82495b6f2cbebf6e1193514e6e6663e6bb2e843
train_val,n_l_6_,data/suim_processed/images/train_val/n_l_6_.jpg,data/suim_processed/masks/train_val/n_l_6_.png,640,480,640,480,0,0|5|7,bit_threshold,0,307200,0,0.0,False,none,12e8331f7475c1e965c0ee43dda116e4c372249f8a44d279c0440bac2e55de38,8d7f479aa50a94ba39fd717ead59ec74072360549024149b6a5abb8407e7827e,sha256:12e8331f7475c1e965c0ee43dda116e4c372249f8a44d279c0440bac2e55de38
train_val,n_l_72_,data/suim_processed/images/train_val/n_l_72_.jpg,data/suim_processed/masks/train_val/n_l_72_.png,640,480,640,480,0,0|5|6,bit_threshold,0,307200,0,0.0,False,none,a7d9f5ee5713adc476b8e4649cb5b208003caf4326617e4bed5f2f3b7cc04a3d,08b57d7489d26b7c340dbb903941db60974beca938e3ef5ae0b6f52caa871761,sha256:a7d9f5ee5713adc476b8e4649cb5b208003caf4326617e4bed5f2f3b7cc04a3d
train_val,n_l_88_,data/suim_processed/images/train_val/n_l_88_.jpg,data/suim_processed/masks/train_val/n_l_88_.png,640,480,640,480,0,6|7,bit_threshold,0,307200,0,0.0,False,none,d45e4fd12cb422d6879bfa3805167dd3dca4b3317e2ecdfd89a73d72578c58b6,39715d58cdf75f0c2355c0642814293b6a25841aba0e16332f75a2222fb98435,sha256:d45e4fd12cb422d6879bfa3805167dd3dca4b3317e2ecdfd89a73d72578c58b6
train_val,w_r_110_,data/suim_processed/images/train_val/w_r_110_.jpg,data/suim_processed/masks/train_val/w_r_110_.png,640,480,640,480,0,0|2|3,bit_threshold,0,307200,0,0.0,False,none,41cba349314d5b3f9d7a80fc8feec83c87c32eef811655593cfe3fd0570147de,3e28ecd909ae8c35921ae19449ee4d41714c6f94d87005914a4e3ab66c46c38d,sha256:41cba349314d5b3f9d7a80fc8feec83c87c32eef811655593cfe3fd0570147de
train_val,w_r_119_,data/suim_processed/images/train_val/w_r_119_.jpg,data/suim_processed/masks/train_val/w_r_119_.png,640,480,640,480,0,0|1|3,bit_threshold,0,307200,0,0.0,False,none,a95f6dc487fee4b0409bd6586ff61822c7cf903d88d5d08750d8cb2df76cfb1a,c55ccbd43efe823f4c1a20c3b2db8eb3eb681523659c18b7ff339edcb8317f86,sha256:a95f6dc487fee4b0409bd6586ff61822c7cf903d88d5d08750d8cb2df76cfb1a
train_val,w_r_136_,data/suim_processed/images/train_val/w_r_136_.jpg,data/suim_processed/masks/train_val/w_r_136_.png,640,480,640,480,0,0|1|3,bit_threshold,96746,307200,96746,0.3149283854166667,False,none,6d84085ac1597747cb6f55700545f30483e39f56b8cff5d779edec1385cc08e1,f0f2afafeb85afcd7daee5ea26c14724a4a0d22451b7155ddf7ac5658aefbf0e,sha256:6d84085ac1597747cb6f55700545f30483e39f56b8cff5d779edec1385cc08e1
train_val,w_r_151_,data/suim_processed/images/train_val/w_r_151_.jpg,data/suim_processed/masks/train_val/w_r_151_.png,640,480,640,480,0,0|1|3|5|7,bit_threshold,0,307200,0,0.0,False,none,6012e44828087598db6a976cc35cda8ebb4d7b652685f3d9d27b4903942548bc,2c09f62800a2ab3406ca55fb70b035bacc768ea9ae13994b48d83b753b0a74c4,sha256:6012e44828087598db6a976cc35cda8ebb4d7b652685f3d9d27b4903942548bc
train_val,w_r_153_,data/suim_processed/images/train_val/w_r_153_.jpg,data/suim_processed/masks/train_val/w_r_153_.png,640,480,640,480,0,1|3|7,bit_threshold,0,307200,0,0.0,False,none,8af1043868453aa6d3434e57e67dd3f77214b75826f0787bfde8e60a7ec0a979,42c737d642a92741091bc499afbf0ffdd4d9ee9e3b3f84421ef9751283d5e558,sha256:8af1043868453aa6d3434e57e67dd3f77214b75826f0787bfde8e60a7ec0a979
train_val,w_r_190_,data/suim_processed/images/train_val/w_r_190_.jpg,data/suim_processed/masks/train_val/w_r_190_.png,640,480,640,480,0,0|1|3,bit_threshold,0,307200,0,0.0,False,none,fee5498faae77b7bd2b030ec2a5a7d4675bc74a87f42db6bb5cb686da65f6337,718d5ed3817053f260640760b2cda81f93b4acbc29c4a144c16c494914d457c5,sha256:fee5498faae77b7bd2b030ec2a5a7d4675bc74a87f42db6bb5cb686da65f6337
train_val,w_r_204_,data/suim_processed/images/train_val/w_r_204_.jpg,data/suim_processed/masks/train_val/w_r_204_.png,640,480,640,480,0,3|7,bit_threshold,0,307200,0,0.0,False,none,e07ffd9f8396ffab7603b9d3f50c4749ead2096dc588f7de7a5f5412103d0189,b6209ab6fb58287ae5e8102173cde6146cfd65b0f4e60e7d3cf3f749949b1fa6,sha256:e07ffd9f8396ffab7603b9d3f50c4749ead2096dc588f7de7a5f5412103d0189
train_val,w_r_218_,data/suim_processed/images/train_val/w_r_218_.jpg,data/suim_processed/masks/train_val/w_r_218_.png,640,480,640,480,0,0|3|6|7,bit_threshold,0,307200,0,0.0,False,none,d5bfa380c2c9c5adea44b99983d1db54765023573680ff43d510836c206e3cb3,339105e9904260e9325bf77cab278cef64a28f6522a19716d97105ad76bc8973,sha256:d5bfa380c2c9c5adea44b99983d1db54765023573680ff43d510836c206e3cb3
train_val,w_r_225_,data/suim_processed/images/train_val/w_r_225_.jpg,data/suim_processed/masks/train_val/w_r_225_.png,640,480,640,480,0,0|2|3|5|7,bit_threshold,0,307200,0,0.0,False,none,7d07b36b2bf8873693c8313d336d640388254601ad77ad0fc2cf4507b7caa2ef,b6aff0aa68f00e50e11615a3003ac047fa726af4f5ec32ecdd9fef2047838e13,sha256:7d07b36b2bf8873693c8313d336d640388254601ad77ad0fc2cf4507b7caa2ef
train_val,w_r_287_,data/suim_processed/images/train_val/w_r_287_.jpg,data/suim_processed/masks/train_val/w_r_287_.png,640,480,640,480,0,0|1|3|6,bit_threshold,0,307200,0,0.0,False,none,dc6c89b255011f1e1c52caa4cb9b602415daf90381dd9a4c35a1b01022c53f7b,4ef4145818ed29aa7e014fafb2cc1e0c9ea3f2494b09033d2ce7f2e2788fd679,sha256:dc6c89b255011f1e1c52caa4cb9b602415daf90381dd9a4c35a1b01022c53f7b
train_val,w_r_295_,data/suim_processed/images/train_val/w_r_295_.jpg,data/suim_processed/masks/train_val/w_r_295_.png,640,480,640,480,0,0|1|3,bit_threshold,0,307200,0,0.0,False,none,100bb04030d6e56c2e6c619a84d1e85ddd7644b220c7f03fd0f3ce3a3c2aa028,bb785662f46252e0446df402da1863207528ed2c18b167b5d452f8ac61f46596,sha256:100bb04030d6e56c2e6c619a84d1e85ddd7644b220c7f03fd0f3ce3a3c2aa028
train_val,w_r_54_,data/suim_processed/images/train_val/w_r_54_.jpg,data/suim_processed/masks/train_val/w_r_54_.png,640,480,640,480,0,0|1|3|5|6,bit_threshold,0,307200,0,0.0,False,none,497b44740ff06230b26bd9be07838fc1f849e2dfc4045a3979e31ecf157c9f2b,dd6d94d4cf335da1c443d0894e434bba20288e10e5f0f080f47d700d32abcdcf,sha256:497b44740ff06230b26bd9be07838fc1f849e2dfc4045a3979e31ecf157c9f2b
train_val,w_r_56_,data/suim_processed/images/train_val/w_r_56_.jpg,data/suim_processed/masks/train_val/w_r_56_.png,640,480,640,480,0,0|1|3|5|7,bit_threshold,0,307200,0,0.0,False,none,dea981de5eb6a9571e158ffbcf45ef18daf42a776303198a236d717296991a02,1e03c37645cf4771f5c4f71694310938996619e375c02d97ed1ddbe1605cb59a,sha256:dea981de5eb6a9571e158ffbcf45ef18daf42a776303198a236d717296991a02
train_val,w_r_58_,data/suim_processed/images/train_val/w_r_58_.jpg,data/suim_processed/masks/train_val/w_r_58_.png,640,480,640,480,0,0|1|3|7,bit_threshold,0,307200,0,0.0,False,none,cc5321305e02d16e2713857c3660fcf7cfaaf7f1dfd3bbaa02783cee9c596213,5b16e9c3e1873df2a775e5f0f02008f1943561b0b1fa627d25bc1b6423a638f0,sha256:cc5321305e02d16e2713857c3660fcf7cfaaf7f1dfd3bbaa02783cee9c596213
train_val,w_r_90_,data/suim_processed/images/train_val/w_r_90_.jpg,data/suim_processed/masks/train_val/w_r_90_.png,640,480,640,480,0,0|3|5|7,bit_threshold,0,307200,0,0.0,False,none,3678ec72765b5c77a050818105c5ff15afbe339c455e444cf49c459f09a055b4,489755357241fc93ca2c17e3140df3df591d5d57c92fc4e459d9318780ac4da7,sha256:3678ec72765b5c77a050818105c5ff15afbe339c455e444cf49c459f09a055b4
