comparison,split_a,sample_id_a,image_path_a,split_b,sample_id_b,image_path_b,phash_hamming_distance,exact_file_duplicate
train_vs_val,train,f_r_1305_,data/suim_processed/images/train_val/f_r_1305_.jpg,val,n_l_56_,data/suim_processed/images/train_val/n_l_56_.jpg,0,False
train_vs_val,train,f_r_1525_,data/suim_processed/images/train_val/f_r_1525_.jpg,val,d_r_723_,data/suim_processed/images/train_val/d_r_723_.jpg,0,False
train_vs_val,train,f_r_1971_,data/suim_processed/images/train_val/f_r_1971_.jpg,val,f_r_564_,data/suim_processed/images/train_val/f_r_564_.jpg,0,False
train_vs_val,train,f_r_495_,data/suim_processed/images/train_val/f_r_495_.jpg,val,n_l_90_,data/suim_processed/images/train_val/n_l_90_.jpg,0,False
train_vs_val,train,f_r_691_,data/suim_processed/images/train_val/f_r_691_.jpg,val,f_r_1913_,data/suim_processed/images/train_val/f_r_1913_.jpg,0,True
train_vs_val,train,f_r_816_,data/suim_processed/images/train_val/f_r_816_.jpg,val,d_r_723_,data/suim_processed/images/train_val/d_r_723_.jpg,0,False
train_vs_val,train,n_l_13_,data/suim_processed/images/train_val/n_l_13_.jpg,val,d_r_723_,data/suim_processed/images/train_val/d_r_723_.jpg,0,False
train_vs_val,train,n_l_22_,data/suim_processed/images/train_val/n_l_22_.jpg,val,f_r_103_,data/suim_processed/images/train_val/f_r_103_.jpg,0,False
train_vs_val,train,n_l_57_,data/suim_processed/images/train_val/n_l_57_.jpg,val,f_r_210_,data/suim_processed/images/train_val/f_r_210_.jpg,0,False
train_vs_val,train,n_l_78_,data/suim_processed/images/train_val/n_l_78_.jpg,val,f_r_1618_,data/suim_processed/images/train_val/f_r_1618_.jpg,0,False
train_vs_val,train,n_l_98_,data/suim_processed/images/train_val/n_l_98_.jpg,val,n_l_69_,data/suim_processed/images/train_val/n_l_69_.jpg,0,False
train_vs_val,train,f_r_180_,data/suim_processed/images/train_val/f_r_180_.jpg,val,f_r_632_,data/suim_processed/images/train_val/f_r_632_.jpg,2,False
train_vs_val,train,f_r_923_,data/suim_processed/images/train_val/f_r_923_.jpg,val,n_l_82_,data/suim_processed/images/train_val/n_l_82_.jpg,2,False
train_vs_val,train,f_r_1894_,data/suim_processed/images/train_val/f_r_1894_.jpg,val,f_r_1382_,data/suim_processed/images/train_val/f_r_1382_.jpg,10,False
train_vs_val,train,f_r_1024_,data/suim_processed/images/train_val/f_r_1024_.jpg,val,f_r_603_,data/suim_processed/images/train_val/f_r_603_.jpg,12,False
train_vs_val,train,f_r_1063_,data/suim_processed/images/train_val/f_r_1063_.jpg,val,f_r_732_,data/suim_processed/images/train_val/f_r_732_.jpg,12,False
train_vs_val,train,f_r_1072_,data/suim_processed/images/train_val/f_r_1072_.jpg,val,f_r_1885_,data/suim_processed/images/train_val/f_r_1885_.jpg,12,False
train_vs_val,train,f_r_1195_,data/suim_processed/images/train_val/f_r_1195_.jpg,val,f_r_1743_,data/suim_processed/images/train_val/f_r_1743_.jpg,12,False
train_vs_val,train,f_r_1617_,data/suim_processed/images/train_val/f_r_1617_.jpg,val,f_r_1694_,data/suim_processed/images/train_val/f_r_1694_.jpg,12,False
train_vs_val,train,f_r_2015_,data/suim_processed/images/train_val/f_r_2015_.jpg,val,f_r_1735_,data/suim_processed/images/train_val/f_r_1735_.jpg,12,False
train_vs_val,train,f_r_236_,data/suim_processed/images/train_val/f_r_236_.jpg,val,f_r_1999_,data/suim_processed/images/train_val/f_r_1999_.jpg,12,False
train_vs_val,train,f_r_621_,data/suim_processed/images/train_val/f_r_621_.jpg,val,f_r_961_,data/suim_processed/images/train_val/f_r_961_.jpg,12,False
train_vs_val,train,d_r_132_,data/suim_processed/images/train_val/d_r_132_.jpg,val,f_r_1999_,data/suim_processed/images/train_val/f_r_1999_.jpg,14,False
train_vs_val,train,d_r_211_,data/suim_processed/images/train_val/d_r_211_.jpg,val,d_r_326_,data/suim_processed/images/train_val/d_r_326_.jpg,14,False
train_vs_val,train,d_r_455_,data/suim_processed/images/train_val/d_r_455_.jpg,val,f_r_459_,data/suim_processed/images/train_val/f_r_459_.jpg,14,False
train_vs_val,train,d_r_473_,data/suim_processed/images/train_val/d_r_473_.jpg,val,w_r_99_,data/suim_processed/images/train_val/w_r_99_.jpg,14,False
train_vs_val,train,f_r_1032_,data/suim_processed/images/train_val/f_r_1032_.jpg,val,f_r_1080_,data/suim_processed/images/train_val/f_r_1080_.jpg,14,False
train_vs_val,train,f_r_1362_,data/suim_processed/images/train_val/f_r_1362_.jpg,val,f_r_443_,data/suim_processed/images/train_val/f_r_443_.jpg,14,False
train_vs_val,train,f_r_1369_,data/suim_processed/images/train_val/f_r_1369_.jpg,val,f_r_1386_,data/suim_processed/images/train_val/f_r_1386_.jpg,14,False
train_vs_val,train,f_r_1454_,data/suim_processed/images/train_val/f_r_1454_.jpg,val,f_r_603_,data/suim_processed/images/train_val/f_r_603_.jpg,14,False
train_vs_val,train,f_r_1506_,data/suim_processed/images/train_val/f_r_1506_.jpg,val,d_r_326_,data/suim_processed/images/train_val/d_r_326_.jpg,14,False
train_vs_val,train,f_r_1985_,data/suim_processed/images/train_val/f_r_1985_.jpg,val,f_r_564_,data/suim_processed/images/train_val/f_r_564_.jpg,14,False
train_vs_val,train,f_r_245_,data/suim_processed/images/train_val/f_r_245_.jpg,val,f_r_1386_,data/suim_processed/images/train_val/f_r_1386_.jpg,14,False
train_vs_val,train,f_r_609_,data/suim_processed/images/train_val/f_r_609_.jpg,val,f_r_1259_,data/suim_processed/images/train_val/f_r_1259_.jpg,14,False
train_vs_val,train,f_r_694_,data/suim_processed/images/train_val/f_r_694_.jpg,val,d_r_617_,data/suim_processed/images/train_val/d_r_617_.jpg,14,False
train_vs_val,train,n_l_38_,data/suim_processed/images/train_val/n_l_38_.jpg,val,f_r_1271_,data/suim_processed/images/train_val/f_r_1271_.jpg,14,False
train_vs_val,train,w_r_293_,data/suim_processed/images/train_val/w_r_293_.jpg,val,f_r_274_,data/suim_processed/images/train_val/f_r_274_.jpg,14,False
train_vs_val,train,w_r_90_,data/suim_processed/images/train_val/w_r_90_.jpg,val,f_r_1230_,data/suim_processed/images/train_val/f_r_1230_.jpg,14,False
train_vs_val,train,d_r_198_,data/suim_processed/images/train_val/d_r_198_.jpg,val,f_r_1731_,data/suim_processed/images/train_val/f_r_1731_.jpg,16,False
train_vs_val,train,d_r_204_,data/suim_processed/images/train_val/d_r_204_.jpg,val,d_r_268_,data/suim_processed/images/train_val/d_r_268_.jpg,16,False
train_vs_val,train,d_r_256_,data/suim_processed/images/train_val/d_r_256_.jpg,val,f_r_1271_,data/suim_processed/images/train_val/f_r_1271_.jpg,16,False
train_vs_val,train,d_r_297_,data/suim_processed/images/train_val/d_r_297_.jpg,val,d_r_266_,data/suim_processed/images/train_val/d_r_266_.jpg,16,False
train_vs_val,train,d_r_376_,data/suim_processed/images/train_val/d_r_376_.jpg,val,f_r_2020_,data/suim_processed/images/train_val/f_r_2020_.jpg,16,False
train_vs_val,train,d_r_51_,data/suim_processed/images/train_val/d_r_51_.jpg,val,f_r_1999_,data/suim_processed/images/train_val/f_r_1999_.jpg,16,False
train_vs_val,train,d_r_591_,data/suim_processed/images/train_val/d_r_591_.jpg,val,w_r_104_,data/suim_processed/images/train_val/w_r_104_.jpg,16,False
train_vs_val,train,d_r_715_,data/suim_processed/images/train_val/d_r_715_.jpg,val,w_r_47_,data/suim_processed/images/train_val/w_r_47_.jpg,16,False
train_vs_val,train,d_r_745_,data/suim_processed/images/train_val/d_r_745_.jpg,val,f_r_377_,data/suim_processed/images/train_val/f_r_377_.jpg,16,False
train_vs_val,train,d_r_759_,data/suim_processed/images/train_val/d_r_759_.jpg,val,f_r_280_,data/suim_processed/images/train_val/f_r_280_.jpg,16,False
train_vs_val,train,d_r_800_,data/suim_processed/images/train_val/d_r_800_.jpg,val,w_r_113_,data/suim_processed/images/train_val/w_r_113_.jpg,16,False
train_vs_val,train,f_r_1052_,data/suim_processed/images/train_val/f_r_1052_.jpg,val,f_r_1294_,data/suim_processed/images/train_val/f_r_1294_.jpg,16,False
train_vs_val,train,f_r_1083_,data/suim_processed/images/train_val/f_r_1083_.jpg,val,f_r_602_,data/suim_processed/images/train_val/f_r_602_.jpg,16,False
train_vs_val,train,f_r_1151_,data/suim_processed/images/train_val/f_r_1151_.jpg,val,d_r_651_,data/suim_processed/images/train_val/d_r_651_.jpg,16,False
train_vs_val,train,f_r_1208_,data/suim_processed/images/train_val/f_r_1208_.jpg,val,f_r_364_,data/suim_processed/images/train_val/f_r_364_.jpg,16,False
train_vs_val,train,f_r_1210_,data/suim_processed/images/train_val/f_r_1210_.jpg,val,f_r_1231_,data/suim_processed/images/train_val/f_r_1231_.jpg,16,False
train_vs_val,train,f_r_1371_,data/suim_processed/images/train_val/f_r_1371_.jpg,val,d_r_135_,data/suim_processed/images/train_val/d_r_135_.jpg,16,False
train_vs_val,train,f_r_1389_,data/suim_processed/images/train_val/f_r_1389_.jpg,val,w_r_256_,data/suim_processed/images/train_val/w_r_256_.jpg,16,False
train_vs_val,train,f_r_1547_,data/suim_processed/images/train_val/f_r_1547_.jpg,val,f_r_1230_,data/suim_processed/images/train_val/f_r_1230_.jpg,16,False
train_vs_val,train,f_r_1570_,data/suim_processed/images/train_val/f_r_1570_.jpg,val,f_r_1639_,data/suim_processed/images/train_val/f_r_1639_.jpg,16,False
train_vs_val,train,f_r_1623_,data/suim_processed/images/train_val/f_r_1623_.jpg,val,w_r_47_,data/suim_processed/images/train_val/w_r_47_.jpg,16,False
train_vs_val,train,f_r_1645_,data/suim_processed/images/train_val/f_r_1645_.jpg,val,w_r_226_,data/suim_processed/images/train_val/w_r_226_.jpg,16,False
train_vs_val,train,f_r_1649_,data/suim_processed/images/train_val/f_r_1649_.jpg,val,f_r_1999_,data/suim_processed/images/train_val/f_r_1999_.jpg,16,False
train_vs_val,train,f_r_1695_,data/suim_processed/images/train_val/f_r_1695_.jpg,val,f_r_1306_,data/suim_processed/images/train_val/f_r_1306_.jpg,16,False
train_vs_val,train,f_r_1865_,data/suim_processed/images/train_val/f_r_1865_.jpg,val,f_r_842_,data/suim_processed/images/train_val/f_r_842_.jpg,16,False
train_vs_val,train,f_r_1877_,data/suim_processed/images/train_val/f_r_1877_.jpg,val,f_r_1961_,data/suim_processed/images/train_val/f_r_1961_.jpg,16,False
train_vs_val,train,f_r_1879_,data/suim_processed/images/train_val/f_r_1879_.jpg,val,f_r_1639_,data/suim_processed/images/train_val/f_r_1639_.jpg,16,False
train_vs_val,train,f_r_1887_,data/suim_processed/images/train_val/f_r_1887_.jpg,val,f_r_280_,data/suim_processed/images/train_val/f_r_280_.jpg,16,False
train_vs_val,train,f_r_2048_,data/suim_processed/images/train_val/f_r_2048_.jpg,val,f_r_230_,data/suim_processed/images/train_val/f_r_230_.jpg,16,False
train_vs_val,train,f_r_440_,data/suim_processed/images/train_val/f_r_440_.jpg,val,f_r_1925_,data/suim_processed/images/train_val/f_r_1925_.jpg,16,False
train_vs_val,train,f_r_472_,data/suim_processed/images/train_val/f_r_472_.jpg,val,f_r_451_,data/suim_processed/images/train_val/f_r_451_.jpg,16,False
train_vs_val,train,f_r_484_,data/suim_processed/images/train_val/f_r_484_.jpg,val,f_r_1951_,data/suim_processed/images/train_val/f_r_1951_.jpg,16,False
train_vs_val,train,f_r_495_,data/suim_processed/images/train_val/f_r_495_.jpg,val,f_r_636_,data/suim_processed/images/train_val/f_r_636_.jpg,16,False
train_vs_val,train,f_r_49_,data/suim_processed/images/train_val/f_r_49_.jpg,val,f_r_443_,data/suim_processed/images/train_val/f_r_443_.jpg,16,False
train_vs_val,train,f_r_510_,data/suim_processed/images/train_val/f_r_510_.jpg,val,f_r_470_,data/suim_processed/images/train_val/f_r_470_.jpg,16,False
train_vs_val,train,f_r_522_,data/suim_processed/images/train_val/f_r_522_.jpg,val,f_r_1747_,data/suim_processed/images/train_val/f_r_1747_.jpg,16,False
train_vs_val,train,f_r_593_,data/suim_processed/images/train_val/f_r_593_.jpg,val,d_r_553_,data/suim_processed/images/train_val/d_r_553_.jpg,16,False
train_vs_val,train,f_r_606_,data/suim_processed/images/train_val/f_r_606_.jpg,val,f_r_230_,data/suim_processed/images/train_val/f_r_230_.jpg,16,False
train_vs_val,train,f_r_62_,data/suim_processed/images/train_val/f_r_62_.jpg,val,d_r_440_,data/suim_processed/images/train_val/d_r_440_.jpg,16,False
train_vs_val,train,f_r_643_,data/suim_processed/images/train_val/f_r_643_.jpg,val,f_r_564_,data/suim_processed/images/train_val/f_r_564_.jpg,16,False
train_vs_val,train,f_r_64_,data/suim_processed/images/train_val/f_r_64_.jpg,val,f_r_1271_,data/suim_processed/images/train_val/f_r_1271_.jpg,16,False
train_vs_val,train,f_r_692_,data/suim_processed/images/train_val/f_r_692_.jpg,val,f_r_1694_,data/suim_processed/images/train_val/f_r_1694_.jpg,16,False
train_vs_val,train,f_r_769_,data/suim_processed/images/train_val/f_r_769_.jpg,val,f_r_460_,data/suim_processed/images/train_val/f_r_460_.jpg,16,False
train_vs_val,train,f_r_773_,data/suim_processed/images/train_val/f_r_773_.jpg,val,d_r_695_,data/suim_processed/images/train_val/d_r_695_.jpg,16,False
train_vs_val,train,f_r_968_,data/suim_processed/images/train_val/f_r_968_.jpg,val,f_r_1294_,data/suim_processed/images/train_val/f_r_1294_.jpg,16,False
train_vs_val,train,n_l_107_,data/suim_processed/images/train_val/n_l_107_.jpg,val,d_r_514_,data/suim_processed/images/train_val/d_r_514_.jpg,16,False
train_vs_val,train,n_l_11_,data/suim_processed/images/train_val/n_l_11_.jpg,val,f_r_1999_,data/suim_processed/images/train_val/f_r_1999_.jpg,16,False
train_vs_val,train,w_r_100_,data/suim_processed/images/train_val/w_r_100_.jpg,val,f_r_1511_,data/suim_processed/images/train_val/f_r_1511_.jpg,16,False
train_vs_val,train,w_r_11_,data/suim_processed/images/train_val/w_r_11_.jpg,val,f_r_1171_,data/suim_processed/images/train_val/f_r_1171_.jpg,16,False
train_vs_val,train,w_r_254_,data/suim_processed/images/train_val/w_r_254_.jpg,val,f_r_1951_,data/suim_processed/images/train_val/f_r_1951_.jpg,16,False
train_vs_val,train,w_r_33_,data/suim_processed/images/train_val/w_r_33_.jpg,val,w_r_99_,data/suim_processed/images/train_val/w_r_99_.jpg,16,False
train_vs_val,train,w_r_89_,data/suim_processed/images/train_val/w_r_89_.jpg,val,w_r_104_,data/suim_processed/images/train_val/w_r_104_.jpg,16,False
train_vs_val,train,d_r_105_,data/suim_processed/images/train_val/d_r_105_.jpg,val,d_r_275_,data/suim_processed/images/train_val/d_r_275_.jpg,18,False
train_vs_val,train,d_r_153_,data/suim_processed/images/train_val/d_r_153_.jpg,val,n_l_37_,data/suim_processed/images/train_val/n_l_37_.jpg,18,False
train_vs_val,train,d_r_211_,data/suim_processed/images/train_val/d_r_211_.jpg,val,w_r_108_,data/suim_processed/images/train_val/w_r_108_.jpg,18,False
train_vs_val,train,d_r_215_,data/suim_processed/images/train_val/d_r_215_.jpg,val,d_r_651_,data/suim_processed/images/train_val/d_r_651_.jpg,18,False
train_vs_val,train,d_r_293_,data/suim_processed/images/train_val/d_r_293_.jpg,val,f_r_364_,data/suim_processed/images/train_val/f_r_364_.jpg,18,False
train_vs_val,train,d_r_378_,data/suim_processed/images/train_val/d_r_378_.jpg,val,f_r_364_,data/suim_processed/images/train_val/f_r_364_.jpg,18,False
train_vs_val,train,d_r_381_,data/suim_processed/images/train_val/d_r_381_.jpg,val,f_r_1067_,data/suim_processed/images/train_val/f_r_1067_.jpg,18,False
train_vs_val,train,d_r_382_,data/suim_processed/images/train_val/d_r_382_.jpg,val,f_r_863_,data/suim_processed/images/train_val/f_r_863_.jpg,18,False
train_vs_val,train,d_r_387_,data/suim_processed/images/train_val/d_r_387_.jpg,val,f_r_423_,data/suim_processed/images/train_val/f_r_423_.jpg,18,False
train_vs_val,train,d_r_403_,data/suim_processed/images/train_val/d_r_403_.jpg,val,d_r_266_,data/suim_processed/images/train_val/d_r_266_.jpg,18,False
train_vs_calibration,train,d_r_105_,data/suim_processed/images/train_val/d_r_105_.jpg,calibration,w_r_9_,data/suim_processed/images/train_val/w_r_9_.jpg,0,False
train_vs_calibration,train,d_r_516_,data/suim_processed/images/train_val/d_r_516_.jpg,calibration,f_r_2004_,data/suim_processed/images/train_val/f_r_2004_.jpg,0,False
train_vs_calibration,train,d_r_527_,data/suim_processed/images/train_val/d_r_527_.jpg,calibration,n_l_27_,data/suim_processed/images/train_val/n_l_27_.jpg,0,True
train_vs_calibration,train,f_r_1112_,data/suim_processed/images/train_val/f_r_1112_.jpg,calibration,f_r_2074_,data/suim_processed/images/train_val/f_r_2074_.jpg,0,False
train_vs_calibration,train,f_r_1196_,data/suim_processed/images/train_val/f_r_1196_.jpg,calibration,d_r_316_,data/suim_processed/images/train_val/d_r_316_.jpg,0,False
train_vs_calibration,train,f_r_1198_,data/suim_processed/images/train_val/f_r_1198_.jpg,calibration,n_l_73_,data/suim_processed/images/train_val/n_l_73_.jpg,0,False
train_vs_calibration,train,f_r_1647_,data/suim_processed/images/train_val/f_r_1647_.jpg,calibration,d_r_316_,data/suim_processed/images/train_val/d_r_316_.jpg,0,False
train_vs_calibration,train,f_r_1856_,data/suim_processed/images/train_val/f_r_1856_.jpg,calibration,n_l_72_,data/suim_processed/images/train_val/n_l_72_.jpg,0,False
train_vs_calibration,train,f_r_192_,data/suim_processed/images/train_val/f_r_192_.jpg,calibration,n_l_86_,data/suim_processed/images/train_val/n_l_86_.jpg,0,True
train_vs_calibration,train,f_r_1995_,data/suim_processed/images/train_val/f_r_1995_.jpg,calibration,f_r_1672_,data/suim_processed/images/train_val/f_r_1672_.jpg,0,True
train_vs_calibration,train,f_r_2001_,data/suim_processed/images/train_val/f_r_2001_.jpg,calibration,n_l_96_,data/suim_processed/images/train_val/n_l_96_.jpg,0,False
train_vs_calibration,train,f_r_692_,data/suim_processed/images/train_val/f_r_692_.jpg,calibration,n_l_5_,data/suim_processed/images/train_val/n_l_5_.jpg,0,False
train_vs_calibration,train,n_l_98_,data/suim_processed/images/train_val/n_l_98_.jpg,calibration,f_r_1765_,data/suim_processed/images/train_val/f_r_1765_.jpg,0,False
train_vs_calibration,train,w_r_2_,data/suim_processed/images/train_val/w_r_2_.jpg,calibration,d_r_668_,data/suim_processed/images/train_val/d_r_668_.jpg,0,True
train_vs_calibration,train,f_r_381_,data/suim_processed/images/train_val/f_r_381_.jpg,calibration,f_r_1221_,data/suim_processed/images/train_val/f_r_1221_.jpg,2,False
train_vs_calibration,train,d_r_759_,data/suim_processed/images/train_val/d_r_759_.jpg,calibration,d_r_112_,data/suim_processed/images/train_val/d_r_112_.jpg,4,False
train_vs_calibration,train,f_r_1812_,data/suim_processed/images/train_val/f_r_1812_.jpg,calibration,f_r_1069_,data/suim_processed/images/train_val/f_r_1069_.jpg,4,False
train_vs_calibration,train,d_r_656_,data/suim_processed/images/train_val/d_r_656_.jpg,calibration,d_r_675_,data/suim_processed/images/train_val/d_r_675_.jpg,6,False
train_vs_calibration,train,n_l_38_,data/suim_processed/images/train_val/n_l_38_.jpg,calibration,f_r_741_,data/suim_processed/images/train_val/f_r_741_.jpg,6,False
train_vs_calibration,train,d_r_125_,data/suim_processed/images/train_val/d_r_125_.jpg,calibration,d_r_633_,data/suim_processed/images/train_val/d_r_633_.jpg,8,False
train_vs_calibration,train,d_r_319_,data/suim_processed/images/train_val/d_r_319_.jpg,calibration,d_r_675_,data/suim_processed/images/train_val/d_r_675_.jpg,8,False
train_vs_calibration,train,d_r_759_,data/suim_processed/images/train_val/d_r_759_.jpg,calibration,d_r_428_,data/suim_processed/images/train_val/d_r_428_.jpg,12,False
train_vs_calibration,train,f_r_1041_,data/suim_processed/images/train_val/f_r_1041_.jpg,calibration,n_l_58_,data/suim_processed/images/train_val/n_l_58_.jpg,12,False
train_vs_calibration,train,f_r_1517_,data/suim_processed/images/train_val/f_r_1517_.jpg,calibration,w_r_107_,data/suim_processed/images/train_val/w_r_107_.jpg,12,False
train_vs_calibration,train,f_r_1985_,data/suim_processed/images/train_val/f_r_1985_.jpg,calibration,f_r_681_,data/suim_processed/images/train_val/f_r_681_.jpg,12,False
train_vs_calibration,train,f_r_63_,data/suim_processed/images/train_val/f_r_63_.jpg,calibration,n_l_58_,data/suim_processed/images/train_val/n_l_58_.jpg,12,False
train_vs_calibration,train,n_l_47_,data/suim_processed/images/train_val/n_l_47_.jpg,calibration,f_r_447_,data/suim_processed/images/train_val/f_r_447_.jpg,12,False
train_vs_calibration,train,f_r_1300_,data/suim_processed/images/train_val/f_r_1300_.jpg,calibration,f_r_639_,data/suim_processed/images/train_val/f_r_639_.jpg,14,False
train_vs_calibration,train,f_r_1430_,data/suim_processed/images/train_val/f_r_1430_.jpg,calibration,f_r_43_,data/suim_processed/images/train_val/f_r_43_.jpg,14,False
train_vs_calibration,train,f_r_1617_,data/suim_processed/images/train_val/f_r_1617_.jpg,calibration,n_l_5_,data/suim_processed/images/train_val/n_l_5_.jpg,14,False
train_vs_calibration,train,f_r_1650_,data/suim_processed/images/train_val/f_r_1650_.jpg,calibration,f_r_741_,data/suim_processed/images/train_val/f_r_741_.jpg,14,False
train_vs_calibration,train,f_r_1656_,data/suim_processed/images/train_val/f_r_1656_.jpg,calibration,w_r_223_,data/suim_processed/images/train_val/w_r_223_.jpg,14,False
train_vs_calibration,train,f_r_1828_,data/suim_processed/images/train_val/f_r_1828_.jpg,calibration,f_r_1295_,data/suim_processed/images/train_val/f_r_1295_.jpg,14,False
train_vs_calibration,train,f_r_1971_,data/suim_processed/images/train_val/f_r_1971_.jpg,calibration,f_r_681_,data/suim_processed/images/train_val/f_r_681_.jpg,14,False
train_vs_calibration,train,f_r_453_,data/suim_processed/images/train_val/f_r_453_.jpg,calibration,f_r_2018_,data/suim_processed/images/train_val/f_r_2018_.jpg,14,False
train_vs_calibration,train,f_r_594_,data/suim_processed/images/train_val/f_r_594_.jpg,calibration,f_r_892_,data/suim_processed/images/train_val/f_r_892_.jpg,14,False
train_vs_calibration,train,f_r_643_,data/suim_processed/images/train_val/f_r_643_.jpg,calibration,f_r_681_,data/suim_processed/images/train_val/f_r_681_.jpg,14,False
train_vs_calibration,train,f_r_67_,data/suim_processed/images/train_val/f_r_67_.jpg,calibration,f_r_1295_,data/suim_processed/images/train_val/f_r_1295_.jpg,14,False
train_vs_calibration,train,f_r_753_,data/suim_processed/images/train_val/f_r_753_.jpg,calibration,f_r_639_,data/suim_processed/images/train_val/f_r_639_.jpg,14,False
train_vs_calibration,train,n_l_38_,data/suim_processed/images/train_val/n_l_38_.jpg,calibration,f_r_1155_,data/suim_processed/images/train_val/f_r_1155_.jpg,14,False
train_vs_calibration,train,d_r_340_,data/suim_processed/images/train_val/d_r_340_.jpg,calibration,d_r_722_,data/suim_processed/images/train_val/d_r_722_.jpg,16,False
train_vs_calibration,train,d_r_376_,data/suim_processed/images/train_val/d_r_376_.jpg,calibration,f_r_320_,data/suim_processed/images/train_val/f_r_320_.jpg,16,False
train_vs_calibration,train,d_r_444_,data/suim_processed/images/train_val/d_r_444_.jpg,calibration,f_r_83_,data/suim_processed/images/train_val/f_r_83_.jpg,16,False
train_vs_calibration,train,d_r_541_,data/suim_processed/images/train_val/d_r_541_.jpg,calibration,d_r_5_,data/suim_processed/images/train_val/d_r_5_.jpg,16,False
train_vs_calibration,train,d_r_549_,data/suim_processed/images/train_val/d_r_549_.jpg,calibration,f_r_1545_,data/suim_processed/images/train_val/f_r_1545_.jpg,16,False
train_vs_calibration,train,d_r_67_,data/suim_processed/images/train_val/d_r_67_.jpg,calibration,w_r_107_,data/suim_processed/images/train_val/w_r_107_.jpg,16,False
train_vs_calibration,train,f_r_1052_,data/suim_processed/images/train_val/f_r_1052_.jpg,calibration,f_r_1150_,data/suim_processed/images/train_val/f_r_1150_.jpg,16,False
train_vs_calibration,train,f_r_1075_,data/suim_processed/images/train_val/f_r_1075_.jpg,calibration,f_r_1062_,data/suim_processed/images/train_val/f_r_1062_.jpg,16,False
train_vs_calibration,train,f_r_1110_,data/suim_processed/images/train_val/f_r_1110_.jpg,calibration,d_r_700_,data/suim_processed/images/train_val/d_r_700_.jpg,16,False
train_vs_calibration,train,f_r_1110_,data/suim_processed/images/train_val/f_r_1110_.jpg,calibration,f_r_684_,data/suim_processed/images/train_val/f_r_684_.jpg,16,False
train_vs_calibration,train,f_r_1166_,data/suim_processed/images/train_val/f_r_1166_.jpg,calibration,n_l_49_,data/suim_processed/images/train_val/n_l_49_.jpg,16,False
train_vs_calibration,train,f_r_1616_,data/suim_processed/images/train_val/f_r_1616_.jpg,calibration,d_r_428_,data/suim_processed/images/train_val/d_r_428_.jpg,16,False
train_vs_calibration,train,f_r_1649_,data/suim_processed/images/train_val/f_r_1649_.jpg,calibration,w_r_107_,data/suim_processed/images/train_val/w_r_107_.jpg,16,False
train_vs_calibration,train,f_r_1741_,data/suim_processed/images/train_val/f_r_1741_.jpg,calibration,n_l_7_,data/suim_processed/images/train_val/n_l_7_.jpg,16,False
train_vs_calibration,train,f_r_1756_,data/suim_processed/images/train_val/f_r_1756_.jpg,calibration,d_r_742_,data/suim_processed/images/train_val/d_r_742_.jpg,16,False
train_vs_calibration,train,f_r_1756_,data/suim_processed/images/train_val/f_r_1756_.jpg,calibration,f_r_2074_,data/suim_processed/images/train_val/f_r_2074_.jpg,16,False
train_vs_calibration,train,f_r_1862_,data/suim_processed/images/train_val/f_r_1862_.jpg,calibration,w_r_107_,data/suim_processed/images/train_val/w_r_107_.jpg,16,False
train_vs_calibration,train,f_r_1877_,data/suim_processed/images/train_val/f_r_1877_.jpg,calibration,f_r_1062_,data/suim_processed/images/train_val/f_r_1062_.jpg,16,False
train_vs_calibration,train,f_r_1877_,data/suim_processed/images/train_val/f_r_1877_.jpg,calibration,w_r_107_,data/suim_processed/images/train_val/w_r_107_.jpg,16,False
train_vs_calibration,train,f_r_1955_,data/suim_processed/images/train_val/f_r_1955_.jpg,calibration,f_r_1969_,data/suim_processed/images/train_val/f_r_1969_.jpg,16,False
train_vs_calibration,train,f_r_366_,data/suim_processed/images/train_val/f_r_366_.jpg,calibration,w_r_202_,data/suim_processed/images/train_val/w_r_202_.jpg,16,False
train_vs_calibration,train,f_r_433_,data/suim_processed/images/train_val/f_r_433_.jpg,calibration,f_r_2074_,data/suim_processed/images/train_val/f_r_2074_.jpg,16,False
train_vs_calibration,train,f_r_499_,data/suim_processed/images/train_val/f_r_499_.jpg,calibration,d_r_765_,data/suim_processed/images/train_val/d_r_765_.jpg,16,False
train_vs_calibration,train,f_r_536_,data/suim_processed/images/train_val/f_r_536_.jpg,calibration,d_r_428_,data/suim_processed/images/train_val/d_r_428_.jpg,16,False
train_vs_calibration,train,f_r_649_,data/suim_processed/images/train_val/f_r_649_.jpg,calibration,d_r_742_,data/suim_processed/images/train_val/d_r_742_.jpg,16,False
train_vs_calibration,train,f_r_700_,data/suim_processed/images/train_val/f_r_700_.jpg,calibration,w_r_93_,data/suim_processed/images/train_val/w_r_93_.jpg,16,False
train_vs_calibration,train,f_r_729_,data/suim_processed/images/train_val/f_r_729_.jpg,calibration,f_r_1133_,data/suim_processed/images/train_val/f_r_1133_.jpg,16,False
train_vs_calibration,train,f_r_753_,data/suim_processed/images/train_val/f_r_753_.jpg,calibration,n_l_86_,data/suim_processed/images/train_val/n_l_86_.jpg,16,False
train_vs_calibration,train,f_r_757_,data/suim_processed/images/train_val/f_r_757_.jpg,calibration,n_l_34_,data/suim_processed/images/train_val/n_l_34_.jpg,16,False
train_vs_calibration,train,f_r_829_,data/suim_processed/images/train_val/f_r_829_.jpg,calibration,d_r_404_,data/suim_processed/images/train_val/d_r_404_.jpg,16,False
train_vs_calibration,train,f_r_94_,data/suim_processed/images/train_val/f_r_94_.jpg,calibration,d_r_324_,data/suim_processed/images/train_val/d_r_324_.jpg,16,False
train_vs_calibration,train,n_l_11_,data/suim_processed/images/train_val/n_l_11_.jpg,calibration,w_r_107_,data/suim_processed/images/train_val/w_r_107_.jpg,16,False
train_vs_calibration,train,n_l_62_,data/suim_processed/images/train_val/n_l_62_.jpg,calibration,f_r_581_,data/suim_processed/images/train_val/f_r_581_.jpg,16,False
train_vs_calibration,train,w_r_114_,data/suim_processed/images/train_val/w_r_114_.jpg,calibration,f_r_1533_,data/suim_processed/images/train_val/f_r_1533_.jpg,16,False
train_vs_calibration,train,w_r_172_,data/suim_processed/images/train_val/w_r_172_.jpg,calibration,d_r_742_,data/suim_processed/images/train_val/d_r_742_.jpg,16,False
train_vs_calibration,train,w_r_225_,data/suim_processed/images/train_val/w_r_225_.jpg,calibration,n_l_86_,data/suim_processed/images/train_val/n_l_86_.jpg,16,False
train_vs_calibration,train,w_r_259_,data/suim_processed/images/train_val/w_r_259_.jpg,calibration,w_r_195_,data/suim_processed/images/train_val/w_r_195_.jpg,16,False
train_vs_calibration,train,w_r_60_,data/suim_processed/images/train_val/w_r_60_.jpg,calibration,w_r_202_,data/suim_processed/images/train_val/w_r_202_.jpg,16,False
train_vs_calibration,train,w_r_75_,data/suim_processed/images/train_val/w_r_75_.jpg,calibration,d_r_675_,data/suim_processed/images/train_val/d_r_675_.jpg,16,False
train_vs_calibration,train,d_r_132_,data/suim_processed/images/train_val/d_r_132_.jpg,calibration,w_r_107_,data/suim_processed/images/train_val/w_r_107_.jpg,18,False
train_vs_calibration,train,d_r_153_,data/suim_processed/images/train_val/d_r_153_.jpg,calibration,d_r_324_,data/suim_processed/images/train_val/d_r_324_.jpg,18,False
train_vs_calibration,train,d_r_186_,data/suim_processed/images/train_val/d_r_186_.jpg,calibration,n_l_96_,data/suim_processed/images/train_val/n_l_96_.jpg,18,False
train_vs_calibration,train,d_r_189_,data/suim_processed/images/train_val/d_r_189_.jpg,calibration,f_r_1672_,data/suim_processed/images/train_val/f_r_1672_.jpg,18,False
train_vs_calibration,train,d_r_256_,data/suim_processed/images/train_val/d_r_256_.jpg,calibration,f_r_1155_,data/suim_processed/images/train_val/f_r_1155_.jpg,18,False
train_vs_calibration,train,d_r_288_,data/suim_processed/images/train_val/d_r_288_.jpg,calibration,f_r_473_,data/suim_processed/images/train_val/f_r_473_.jpg,18,False
train_vs_calibration,train,d_r_293_,data/suim_processed/images/train_val/d_r_293_.jpg,calibration,d_r_700_,data/suim_processed/images/train_val/d_r_700_.jpg,18,False
train_vs_calibration,train,d_r_29_,data/suim_processed/images/train_val/d_r_29_.jpg,calibration,f_r_43_,data/suim_processed/images/train_val/f_r_43_.jpg,18,False
train_vs_calibration,train,d_r_33_,data/suim_processed/images/train_val/d_r_33_.jpg,calibration,w_r_107_,data/suim_processed/images/train_val/w_r_107_.jpg,18,False
train_vs_calibration,train,d_r_363_,data/suim_processed/images/train_val/d_r_363_.jpg,calibration,d_r_742_,data/suim_processed/images/train_val/d_r_742_.jpg,18,False
train_vs_calibration,train,d_r_363_,data/suim_processed/images/train_val/d_r_363_.jpg,calibration,f_r_1866_,data/suim_processed/images/train_val/f_r_1866_.jpg,18,False
train_vs_calibration,train,d_r_364_,data/suim_processed/images/train_val/d_r_364_.jpg,calibration,f_r_1533_,data/suim_processed/images/train_val/f_r_1533_.jpg,18,False
train_vs_calibration,train,d_r_376_,data/suim_processed/images/train_val/d_r_376_.jpg,calibration,w_r_110_,data/suim_processed/images/train_val/w_r_110_.jpg,18,False
train_vs_calibration,train,d_r_37_,data/suim_processed/images/train_val/d_r_37_.jpg,calibration,f_r_43_,data/suim_processed/images/train_val/f_r_43_.jpg,18,False
train_vs_calibration,train,d_r_383_,data/suim_processed/images/train_val/d_r_383_.jpg,calibration,f_r_1636_,data/suim_processed/images/train_val/f_r_1636_.jpg,18,False
train_vs_calibration,train,d_r_387_,data/suim_processed/images/train_val/d_r_387_.jpg,calibration,w_r_195_,data/suim_processed/images/train_val/w_r_195_.jpg,18,False
train_vs_calibration,train,d_r_388_,data/suim_processed/images/train_val/d_r_388_.jpg,calibration,d_r_324_,data/suim_processed/images/train_val/d_r_324_.jpg,18,False
train_vs_calibration,train,d_r_437_,data/suim_processed/images/train_val/d_r_437_.jpg,calibration,f_r_892_,data/suim_processed/images/train_val/f_r_892_.jpg,18,False
train_vs_calibration,train,d_r_467_,data/suim_processed/images/train_val/d_r_467_.jpg,calibration,d_r_700_,data/suim_processed/images/train_val/d_r_700_.jpg,18,False
train_vs_calibration,train,d_r_470_,data/suim_processed/images/train_val/d_r_470_.jpg,calibration,d_r_404_,data/suim_processed/images/train_val/d_r_404_.jpg,18,False
train_vs_calibration,train,d_r_473_,data/suim_processed/images/train_val/d_r_473_.jpg,calibration,f_r_1533_,data/suim_processed/images/train_val/f_r_1533_.jpg,18,False
train_vs_test,train,d_r_587_,data/suim_processed/images/train_val/d_r_587_.jpg,test,n_l_29_,data/suim_processed/images/test/n_l_29_.jpg,0,True
train_vs_test,train,f_r_1500_,data/suim_processed/images/train_val/f_r_1500_.jpg,test,n_l_0_,data/suim_processed/images/test/n_l_0_.jpg,0,True
train_vs_test,train,f_r_1827_,data/suim_processed/images/train_val/f_r_1827_.jpg,test,f_r_1892_,data/suim_processed/images/test/f_r_1892_.jpg,0,False
train_vs_test,train,f_r_615_,data/suim_processed/images/train_val/f_r_615_.jpg,test,n_l_79_,data/suim_processed/images/test/n_l_79_.jpg,0,False
train_vs_test,train,f_r_953_,data/suim_processed/images/train_val/f_r_953_.jpg,test,n_l_100_,data/suim_processed/images/test/n_l_100_.jpg,0,False
train_vs_test,train,n_l_106_,data/suim_processed/images/train_val/n_l_106_.jpg,test,d_r_386_,data/suim_processed/images/test/d_r_386_.jpg,0,True
train_vs_test,train,n_l_80_,data/suim_processed/images/train_val/n_l_80_.jpg,test,f_r_403_,data/suim_processed/images/test/f_r_403_.jpg,0,False
train_vs_test,train,w_r_11_,data/suim_processed/images/train_val/w_r_11_.jpg,test,n_l_87_,data/suim_processed/images/test/n_l_87_.jpg,0,True
train_vs_test,train,w_r_32_,data/suim_processed/images/train_val/w_r_32_.jpg,test,n_l_26_,data/suim_processed/images/test/n_l_26_.jpg,0,False
train_vs_test,train,f_r_2033_,data/suim_processed/images/train_val/f_r_2033_.jpg,test,n_l_102_,data/suim_processed/images/test/n_l_102_.jpg,2,False
train_vs_test,train,n_l_94_,data/suim_processed/images/train_val/n_l_94_.jpg,test,f_r_1276_,data/suim_processed/images/test/f_r_1276_.jpg,4,False
train_vs_test,train,f_r_973_,data/suim_processed/images/train_val/f_r_973_.jpg,test,f_r_1298_,data/suim_processed/images/test/f_r_1298_.jpg,12,False
train_vs_test,train,d_r_310_,data/suim_processed/images/train_val/d_r_310_.jpg,test,d_r_547_,data/suim_processed/images/test/d_r_547_.jpg,14,False
train_vs_test,train,d_r_383_,data/suim_processed/images/train_val/d_r_383_.jpg,test,f_r_1452_,data/suim_processed/images/test/f_r_1452_.jpg,14,False
train_vs_test,train,d_r_604_,data/suim_processed/images/train_val/d_r_604_.jpg,test,d_r_598_,data/suim_processed/images/test/d_r_598_.jpg,14,False
train_vs_test,train,f_r_1048_,data/suim_processed/images/train_val/f_r_1048_.jpg,test,f_r_1440_,data/suim_processed/images/test/f_r_1440_.jpg,14,False
train_vs_test,train,f_r_1911_,data/suim_processed/images/train_val/f_r_1911_.jpg,test,f_r_1410_,data/suim_processed/images/test/f_r_1410_.jpg,14,False
train_vs_test,train,f_r_2084_,data/suim_processed/images/train_val/f_r_2084_.jpg,test,n_l_52_,data/suim_processed/images/test/n_l_52_.jpg,14,False
train_vs_test,train,n_l_71_,data/suim_processed/images/train_val/n_l_71_.jpg,test,f_r_1440_,data/suim_processed/images/test/f_r_1440_.jpg,14,False
train_vs_test,train,w_r_178_,data/suim_processed/images/train_val/w_r_178_.jpg,test,n_l_52_,data/suim_processed/images/test/n_l_52_.jpg,14,False
train_vs_test,train,d_r_297_,data/suim_processed/images/train_val/d_r_297_.jpg,test,f_r_1931_,data/suim_processed/images/test/f_r_1931_.jpg,16,False
train_vs_test,train,d_r_363_,data/suim_processed/images/train_val/d_r_363_.jpg,test,d_r_386_,data/suim_processed/images/test/d_r_386_.jpg,16,False
train_vs_test,train,d_r_383_,data/suim_processed/images/train_val/d_r_383_.jpg,test,f_r_1165_,data/suim_processed/images/test/f_r_1165_.jpg,16,False
train_vs_test,train,d_r_406_,data/suim_processed/images/train_val/d_r_406_.jpg,test,f_r_1892_,data/suim_processed/images/test/f_r_1892_.jpg,16,False
train_vs_test,train,d_r_466_,data/suim_processed/images/train_val/d_r_466_.jpg,test,w_r_199_,data/suim_processed/images/test/w_r_199_.jpg,16,False
train_vs_test,train,d_r_510_,data/suim_processed/images/train_val/d_r_510_.jpg,test,f_r_1059_,data/suim_processed/images/test/f_r_1059_.jpg,16,False
train_vs_test,train,d_r_533_,data/suim_processed/images/train_val/d_r_533_.jpg,test,d_r_233_,data/suim_processed/images/test/d_r_233_.jpg,16,False
train_vs_test,train,d_r_587_,data/suim_processed/images/train_val/d_r_587_.jpg,test,f_r_1931_,data/suim_processed/images/test/f_r_1931_.jpg,16,False
train_vs_test,train,d_r_67_,data/suim_processed/images/train_val/d_r_67_.jpg,test,w_r_217_,data/suim_processed/images/test/w_r_217_.jpg,16,False
train_vs_test,train,d_r_689_,data/suim_processed/images/train_val/d_r_689_.jpg,test,f_r_1782_,data/suim_processed/images/test/f_r_1782_.jpg,16,False
train_vs_test,train,f_r_1020_,data/suim_processed/images/train_val/f_r_1020_.jpg,test,f_r_1892_,data/suim_processed/images/test/f_r_1892_.jpg,16,False
train_vs_test,train,f_r_1147_,data/suim_processed/images/train_val/f_r_1147_.jpg,test,n_l_29_,data/suim_processed/images/test/n_l_29_.jpg,16,False
train_vs_test,train,f_r_1157_,data/suim_processed/images/train_val/f_r_1157_.jpg,test,w_r_10_,data/suim_processed/images/test/w_r_10_.jpg,16,False
train_vs_test,train,f_r_117_,data/suim_processed/images/train_val/f_r_117_.jpg,test,f_r_1079_,data/suim_processed/images/test/f_r_1079_.jpg,16,False
train_vs_test,train,f_r_1267_,data/suim_processed/images/train_val/f_r_1267_.jpg,test,d_r_84_,data/suim_processed/images/test/d_r_84_.jpg,16,False
train_vs_test,train,f_r_1267_,data/suim_processed/images/train_val/f_r_1267_.jpg,test,w_r_116_,data/suim_processed/images/test/w_r_116_.jpg,16,False
train_vs_test,train,f_r_1274_,data/suim_processed/images/train_val/f_r_1274_.jpg,test,d_r_547_,data/suim_processed/images/test/d_r_547_.jpg,16,False
train_vs_test,train,f_r_1389_,data/suim_processed/images/train_val/f_r_1389_.jpg,test,f_r_24_,data/suim_processed/images/test/f_r_24_.jpg,16,False
train_vs_test,train,f_r_152_,data/suim_processed/images/train_val/f_r_152_.jpg,test,f_r_1220_,data/suim_processed/images/test/f_r_1220_.jpg,16,False
train_vs_test,train,f_r_1546_,data/suim_processed/images/train_val/f_r_1546_.jpg,test,f_r_1467_,data/suim_processed/images/test/f_r_1467_.jpg,16,False
train_vs_test,train,f_r_1616_,data/suim_processed/images/train_val/f_r_1616_.jpg,test,f_r_1782_,data/suim_processed/images/test/f_r_1782_.jpg,16,False
train_vs_test,train,f_r_166_,data/suim_processed/images/train_val/f_r_166_.jpg,test,f_r_1079_,data/suim_processed/images/test/f_r_1079_.jpg,16,False
train_vs_test,train,f_r_1690_,data/suim_processed/images/train_val/f_r_1690_.jpg,test,w_r_217_,data/suim_processed/images/test/w_r_217_.jpg,16,False
train_vs_test,train,f_r_2053_,data/suim_processed/images/train_val/f_r_2053_.jpg,test,f_r_1428_,data/suim_processed/images/test/f_r_1428_.jpg,16,False
train_vs_test,train,f_r_2083_,data/suim_processed/images/train_val/f_r_2083_.jpg,test,f_r_263_,data/suim_processed/images/test/f_r_263_.jpg,16,False
train_vs_test,train,f_r_220_,data/suim_processed/images/train_val/f_r_220_.jpg,test,f_r_1199_,data/suim_processed/images/test/f_r_1199_.jpg,16,False
train_vs_test,train,f_r_444_,data/suim_processed/images/train_val/f_r_444_.jpg,test,f_r_1782_,data/suim_processed/images/test/f_r_1782_.jpg,16,False
train_vs_test,train,f_r_647_,data/suim_processed/images/train_val/f_r_647_.jpg,test,f_r_329_,data/suim_processed/images/test/f_r_329_.jpg,16,False
train_vs_test,train,f_r_656_,data/suim_processed/images/train_val/f_r_656_.jpg,test,w_r_101_,data/suim_processed/images/test/w_r_101_.jpg,16,False
train_vs_test,train,f_r_676_,data/suim_processed/images/train_val/f_r_676_.jpg,test,f_r_1644_,data/suim_processed/images/test/f_r_1644_.jpg,16,False
train_vs_test,train,f_r_706_,data/suim_processed/images/train_val/f_r_706_.jpg,test,n_l_0_,data/suim_processed/images/test/n_l_0_.jpg,16,False
train_vs_test,train,f_r_766_,data/suim_processed/images/train_val/f_r_766_.jpg,test,f_r_1298_,data/suim_processed/images/test/f_r_1298_.jpg,16,False
train_vs_test,train,f_r_873_,data/suim_processed/images/train_val/f_r_873_.jpg,test,f_r_214_,data/suim_processed/images/test/f_r_214_.jpg,16,False
train_vs_test,train,f_r_908_,data/suim_processed/images/train_val/f_r_908_.jpg,test,w_r_4_,data/suim_processed/images/test/w_r_4_.jpg,16,False
train_vs_test,train,w_r_206_,data/suim_processed/images/train_val/w_r_206_.jpg,test,d_r_602_,data/suim_processed/images/test/d_r_602_.jpg,16,False
train_vs_test,train,w_r_294_,data/suim_processed/images/train_val/w_r_294_.jpg,test,d_r_144_,data/suim_processed/images/test/d_r_144_.jpg,16,False
train_vs_test,train,w_r_85_,data/suim_processed/images/train_val/w_r_85_.jpg,test,d_r_598_,data/suim_processed/images/test/d_r_598_.jpg,16,False
train_vs_test,train,w_r_86_,data/suim_processed/images/train_val/w_r_86_.jpg,test,w_r_3_,data/suim_processed/images/test/w_r_3_.jpg,16,False
train_vs_test,train,d_r_148_,data/suim_processed/images/train_val/d_r_148_.jpg,test,f_r_1782_,data/suim_processed/images/test/f_r_1782_.jpg,18,False
train_vs_test,train,d_r_171_,data/suim_processed/images/train_val/d_r_171_.jpg,test,f_r_1450_,data/suim_processed/images/test/f_r_1450_.jpg,18,False
train_vs_test,train,d_r_259_,data/suim_processed/images/train_val/d_r_259_.jpg,test,w_r_101_,data/suim_processed/images/test/w_r_101_.jpg,18,False
train_vs_test,train,d_r_293_,data/suim_processed/images/train_val/d_r_293_.jpg,test,f_r_1165_,data/suim_processed/images/test/f_r_1165_.jpg,18,False
train_vs_test,train,d_r_323_,data/suim_processed/images/train_val/d_r_323_.jpg,test,f_r_1220_,data/suim_processed/images/test/f_r_1220_.jpg,18,False
train_vs_test,train,d_r_399_,data/suim_processed/images/train_val/d_r_399_.jpg,test,f_r_392_,data/suim_processed/images/test/f_r_392_.jpg,18,False
train_vs_test,train,d_r_3_,data/suim_processed/images/train_val/d_r_3_.jpg,test,d_r_277_,data/suim_processed/images/test/d_r_277_.jpg,18,False
train_vs_test,train,d_r_403_,data/suim_processed/images/train_val/d_r_403_.jpg,test,d_r_598_,data/suim_processed/images/test/d_r_598_.jpg,18,False
train_vs_test,train,d_r_403_,data/suim_processed/images/train_val/d_r_403_.jpg,test,f_r_1229_,data/suim_processed/images/test/f_r_1229_.jpg,18,False
train_vs_test,train,d_r_466_,data/suim_processed/images/train_val/d_r_466_.jpg,test,w_r_30_,data/suim_processed/images/test/w_r_30_.jpg,18,False
train_vs_test,train,d_r_51_,data/suim_processed/images/train_val/d_r_51_.jpg,test,d_r_552_,data/suim_processed/images/test/d_r_552_.jpg,18,False
train_vs_test,train,d_r_597_,data/suim_processed/images/train_val/d_r_597_.jpg,test,d_r_84_,data/suim_processed/images/test/d_r_84_.jpg,18,False
train_vs_test,train,d_r_604_,data/suim_processed/images/train_val/d_r_604_.jpg,test,f_r_1229_,data/suim_processed/images/test/f_r_1229_.jpg,18,False
train_vs_test,train,d_r_649_,data/suim_processed/images/train_val/d_r_649_.jpg,test,f_r_106_,data/suim_processed/images/test/f_r_106_.jpg,18,False
train_vs_test,train,d_r_657_,data/suim_processed/images/train_val/d_r_657_.jpg,test,w_r_6_,data/suim_processed/images/test/w_r_6_.jpg,18,False
train_vs_test,train,d_r_706_,data/suim_processed/images/train_val/d_r_706_.jpg,test,n_l_102_,data/suim_processed/images/test/n_l_102_.jpg,18,False
train_vs_test,train,d_r_738_,data/suim_processed/images/train_val/d_r_738_.jpg,test,w_r_217_,data/suim_processed/images/test/w_r_217_.jpg,18,False
train_vs_test,train,d_r_771_,data/suim_processed/images/train_val/d_r_771_.jpg,test,f_r_604_,data/suim_processed/images/test/f_r_604_.jpg,18,False
train_vs_test,train,d_r_788_,data/suim_processed/images/train_val/d_r_788_.jpg,test,w_r_199_,data/suim_processed/images/test/w_r_199_.jpg,18,False
train_vs_test,train,d_r_87_,data/suim_processed/images/train_val/d_r_87_.jpg,test,f_r_392_,data/suim_processed/images/test/f_r_392_.jpg,18,False
train_vs_test,train,f_r_1014_,data/suim_processed/images/train_val/f_r_1014_.jpg,test,n_l_52_,data/suim_processed/images/test/n_l_52_.jpg,18,False
train_vs_test,train,f_r_1014_,data/suim_processed/images/train_val/f_r_1014_.jpg,test,w_r_59_,data/suim_processed/images/test/w_r_59_.jpg,18,False
train_vs_test,train,f_r_1016_,data/suim_processed/images/train_val/f_r_1016_.jpg,test,f_r_1931_,data/suim_processed/images/test/f_r_1931_.jpg,18,False
train_vs_test,train,f_r_1030_,data/suim_processed/images/train_val/f_r_1030_.jpg,test,f_r_1059_,data/suim_processed/images/test/f_r_1059_.jpg,18,False
train_vs_test,train,f_r_1049_,data/suim_processed/images/train_val/f_r_1049_.jpg,test,n_l_29_,data/suim_processed/images/test/n_l_29_.jpg,18,False
train_vs_test,train,f_r_1049_,data/suim_processed/images/train_val/f_r_1049_.jpg,test,w_r_6_,data/suim_processed/images/test/w_r_6_.jpg,18,False
train_vs_test,train,f_r_1058_,data/suim_processed/images/train_val/f_r_1058_.jpg,test,d_r_196_,data/suim_processed/images/test/d_r_196_.jpg,18,False
train_vs_test,train,f_r_1071_,data/suim_processed/images/train_val/f_r_1071_.jpg,test,f_r_2052_,data/suim_processed/images/test/f_r_2052_.jpg,18,False
train_vs_test,train,f_r_1078_,data/suim_processed/images/train_val/f_r_1078_.jpg,test,w_r_217_,data/suim_processed/images/test/w_r_217_.jpg,18,False
train_vs_test,train,f_r_1095_,data/suim_processed/images/train_val/f_r_1095_.jpg,test,f_r_1920_,data/suim_processed/images/test/f_r_1920_.jpg,18,False
train_vs_test,train,f_r_1098_,data/suim_processed/images/train_val/f_r_1098_.jpg,test,d_r_84_,data/suim_processed/images/test/d_r_84_.jpg,18,False
train_vs_test,train,f_r_1107_,data/suim_processed/images/train_val/f_r_1107_.jpg,test,n_l_18_,data/suim_processed/images/test/n_l_18_.jpg,18,False
train_vs_test,train,f_r_1110_,data/suim_processed/images/train_val/f_r_1110_.jpg,test,f_r_1165_,data/suim_processed/images/test/f_r_1165_.jpg,18,False
train_vs_test,train,f_r_1115_,data/suim_processed/images/train_val/f_r_1115_.jpg,test,f_r_1298_,data/suim_processed/images/test/f_r_1298_.jpg,18,False
train_vs_test,train,f_r_1129_,data/suim_processed/images/train_val/f_r_1129_.jpg,test,d_r_547_,data/suim_processed/images/test/d_r_547_.jpg,18,False
train_vs_test,train,f_r_1129_,data/suim_processed/images/train_val/f_r_1129_.jpg,test,f_r_1800_,data/suim_processed/images/test/f_r_1800_.jpg,18,False
train_vs_test,train,f_r_1154_,data/suim_processed/images/train_val/f_r_1154_.jpg,test,w_r_43_,data/suim_processed/images/test/w_r_43_.jpg,18,False
train_vs_test,train,f_r_1196_,data/suim_processed/images/train_val/f_r_1196_.jpg,test,f_r_478_,data/suim_processed/images/test/f_r_478_.jpg,18,False
train_vs_test,train,f_r_1198_,data/suim_processed/images/train_val/f_r_1198_.jpg,test,f_r_1410_,data/suim_processed/images/test/f_r_1410_.jpg,18,False
train_vs_test,train,f_r_1208_,data/suim_processed/images/train_val/f_r_1208_.jpg,test,d_r_47_,data/suim_processed/images/test/d_r_47_.jpg,18,False
train_vs_test,train,f_r_1208_,data/suim_processed/images/train_val/f_r_1208_.jpg,test,f_r_246_,data/suim_processed/images/test/f_r_246_.jpg,18,False
train_vs_test,train,f_r_1265_,data/suim_processed/images/train_val/f_r_1265_.jpg,test,d_r_801_,data/suim_processed/images/test/d_r_801_.jpg,18,False
val_vs_test,val,d_r_553_,data/suim_processed/images/train_val/d_r_553_.jpg,test,f_r_644_,data/suim_processed/images/test/f_r_644_.jpg,16,False
val_vs_test,val,f_r_1171_,data/suim_processed/images/train_val/f_r_1171_.jpg,test,n_l_87_,data/suim_processed/images/test/n_l_87_.jpg,16,False
val_vs_test,val,f_r_961_,data/suim_processed/images/train_val/f_r_961_.jpg,test,n_l_52_,data/suim_processed/images/test/n_l_52_.jpg,16,False
val_vs_test,val,w_r_113_,data/suim_processed/images/train_val/w_r_113_.jpg,test,d_r_598_,data/suim_processed/images/test/d_r_598_.jpg,16,False
val_vs_test,val,w_r_278_,data/suim_processed/images/train_val/w_r_278_.jpg,test,f_r_1165_,data/suim_processed/images/test/f_r_1165_.jpg,16,False
val_vs_test,val,d_r_553_,data/suim_processed/images/train_val/d_r_553_.jpg,test,f_r_1920_,data/suim_processed/images/test/f_r_1920_.jpg,18,False
val_vs_test,val,d_r_695_,data/suim_processed/images/train_val/d_r_695_.jpg,test,f_r_209_,data/suim_processed/images/test/f_r_209_.jpg,18,False
val_vs_test,val,d_r_749_,data/suim_processed/images/train_val/d_r_749_.jpg,test,d_r_58_,data/suim_processed/images/test/d_r_58_.jpg,18,False
val_vs_test,val,f_r_103_,data/suim_processed/images/train_val/f_r_103_.jpg,test,d_r_144_,data/suim_processed/images/test/d_r_144_.jpg,18,False
val_vs_test,val,f_r_1080_,data/suim_processed/images/train_val/f_r_1080_.jpg,test,w_r_217_,data/suim_processed/images/test/w_r_217_.jpg,18,False
val_vs_test,val,f_r_1124_,data/suim_processed/images/train_val/f_r_1124_.jpg,test,n_l_15_,data/suim_processed/images/test/n_l_15_.jpg,18,False
val_vs_test,val,f_r_126_,data/suim_processed/images/train_val/f_r_126_.jpg,test,d_r_547_,data/suim_processed/images/test/d_r_547_.jpg,18,False
val_vs_test,val,f_r_1585_,data/suim_processed/images/train_val/f_r_1585_.jpg,test,f_r_1471_,data/suim_processed/images/test/f_r_1471_.jpg,18,False
val_vs_test,val,f_r_1639_,data/suim_processed/images/train_val/f_r_1639_.jpg,test,f_r_1435_,data/suim_processed/images/test/f_r_1435_.jpg,18,False
val_vs_test,val,f_r_1726_,data/suim_processed/images/train_val/f_r_1726_.jpg,test,f_r_1471_,data/suim_processed/images/test/f_r_1471_.jpg,18,False
val_vs_test,val,f_r_1885_,data/suim_processed/images/train_val/f_r_1885_.jpg,test,f_r_209_,data/suim_processed/images/test/f_r_209_.jpg,18,False
val_vs_test,val,f_r_1913_,data/suim_processed/images/train_val/f_r_1913_.jpg,test,f_r_1992_,data/suim_processed/images/test/f_r_1992_.jpg,18,False
val_vs_test,val,f_r_1925_,data/suim_processed/images/train_val/f_r_1925_.jpg,test,n_l_29_,data/suim_processed/images/test/n_l_29_.jpg,18,False
val_vs_test,val,f_r_2012_,data/suim_processed/images/train_val/f_r_2012_.jpg,test,d_r_144_,data/suim_processed/images/test/d_r_144_.jpg,18,False
val_vs_test,val,f_r_423_,data/suim_processed/images/train_val/f_r_423_.jpg,test,w_r_43_,data/suim_processed/images/test/w_r_43_.jpg,18,False
val_vs_test,val,f_r_443_,data/suim_processed/images/train_val/f_r_443_.jpg,test,n_l_29_,data/suim_processed/images/test/n_l_29_.jpg,18,False
val_vs_test,val,f_r_712_,data/suim_processed/images/train_val/f_r_712_.jpg,test,w_r_147_,data/suim_processed/images/test/w_r_147_.jpg,18,False
val_vs_test,val,w_r_182_,data/suim_processed/images/train_val/w_r_182_.jpg,test,f_r_478_,data/suim_processed/images/test/f_r_478_.jpg,18,False
val_vs_test,val,w_r_256_,data/suim_processed/images/train_val/w_r_256_.jpg,test,f_r_214_,data/suim_processed/images/test/f_r_214_.jpg,18,False
val_vs_test,val,w_r_287_,data/suim_processed/images/train_val/w_r_287_.jpg,test,n_l_48_,data/suim_processed/images/test/n_l_48_.jpg,18,False
val_vs_test,val,d_r_253_,data/suim_processed/images/train_val/d_r_253_.jpg,test,d_r_465_,data/suim_processed/images/test/d_r_465_.jpg,20,False
val_vs_test,val,d_r_253_,data/suim_processed/images/train_val/d_r_253_.jpg,test,d_r_598_,data/suim_processed/images/test/d_r_598_.jpg,20,False
val_vs_test,val,d_r_253_,data/suim_processed/images/train_val/d_r_253_.jpg,test,f_r_2052_,data/suim_processed/images/test/f_r_2052_.jpg,20,False
val_vs_test,val,d_r_266_,data/suim_processed/images/train_val/d_r_266_.jpg,test,w_r_217_,data/suim_processed/images/test/w_r_217_.jpg,20,False
val_vs_test,val,d_r_275_,data/suim_processed/images/train_val/d_r_275_.jpg,test,f_r_1452_,data/suim_processed/images/test/f_r_1452_.jpg,20,False
val_vs_test,val,d_r_275_,data/suim_processed/images/train_val/d_r_275_.jpg,test,n_l_79_,data/suim_processed/images/test/n_l_79_.jpg,20,False
val_vs_test,val,d_r_440_,data/suim_processed/images/train_val/d_r_440_.jpg,test,f_r_1410_,data/suim_processed/images/test/f_r_1410_.jpg,20,False
val_vs_test,val,d_r_496_,data/suim_processed/images/train_val/d_r_496_.jpg,test,d_r_233_,data/suim_processed/images/test/d_r_233_.jpg,20,False
val_vs_test,val,d_r_496_,data/suim_processed/images/train_val/d_r_496_.jpg,test,d_r_379_,data/suim_processed/images/test/d_r_379_.jpg,20,False
val_vs_test,val,d_r_496_,data/suim_processed/images/train_val/d_r_496_.jpg,test,w_r_4_,data/suim_processed/images/test/w_r_4_.jpg,20,False
val_vs_test,val,d_r_514_,data/suim_processed/images/train_val/d_r_514_.jpg,test,w_r_147_,data/suim_processed/images/test/w_r_147_.jpg,20,False
val_vs_test,val,d_r_553_,data/suim_processed/images/train_val/d_r_553_.jpg,test,d_r_182_,data/suim_processed/images/test/d_r_182_.jpg,20,False
val_vs_test,val,d_r_617_,data/suim_processed/images/train_val/d_r_617_.jpg,test,f_r_329_,data/suim_processed/images/test/f_r_329_.jpg,20,False
val_vs_test,val,d_r_617_,data/suim_processed/images/train_val/d_r_617_.jpg,test,w_r_10_,data/suim_processed/images/test/w_r_10_.jpg,20,False
val_vs_test,val,d_r_651_,data/suim_processed/images/train_val/d_r_651_.jpg,test,f_r_1920_,data/suim_processed/images/test/f_r_1920_.jpg,20,False
val_vs_test,val,d_r_723_,data/suim_processed/images/train_val/d_r_723_.jpg,test,f_r_1920_,data/suim_processed/images/test/f_r_1920_.jpg,20,False
val_vs_test,val,d_r_749_,data/suim_processed/images/train_val/d_r_749_.jpg,test,d_r_547_,data/suim_processed/images/test/d_r_547_.jpg,20,False
val_vs_test,val,f_r_1080_,data/suim_processed/images/train_val/f_r_1080_.jpg,test,w_r_116_,data/suim_processed/images/test/w_r_116_.jpg,20,False
val_vs_test,val,f_r_1134_,data/suim_processed/images/train_val/f_r_1134_.jpg,test,f_r_1410_,data/suim_processed/images/test/f_r_1410_.jpg,20,False
val_vs_test,val,f_r_1134_,data/suim_processed/images/train_val/f_r_1134_.jpg,test,n_l_84_,data/suim_processed/images/test/n_l_84_.jpg,20,False
val_vs_test,val,f_r_1134_,data/suim_processed/images/train_val/f_r_1134_.jpg,test,w_r_59_,data/suim_processed/images/test/w_r_59_.jpg,20,False
val_vs_test,val,f_r_1232_,data/suim_processed/images/train_val/f_r_1232_.jpg,test,d_r_129_,data/suim_processed/images/test/d_r_129_.jpg,20,False
val_vs_test,val,f_r_126_,data/suim_processed/images/train_val/f_r_126_.jpg,test,f_r_1737_,data/suim_processed/images/test/f_r_1737_.jpg,20,False
val_vs_test,val,f_r_1271_,data/suim_processed/images/train_val/f_r_1271_.jpg,test,n_l_44_,data/suim_processed/images/test/n_l_44_.jpg,20,False
val_vs_test,val,f_r_1294_,data/suim_processed/images/train_val/f_r_1294_.jpg,test,d_r_58_,data/suim_processed/images/test/d_r_58_.jpg,20,False
val_vs_test,val,f_r_1294_,data/suim_processed/images/train_val/f_r_1294_.jpg,test,w_r_14_,data/suim_processed/images/test/w_r_14_.jpg,20,False
val_vs_test,val,f_r_1306_,data/suim_processed/images/train_val/f_r_1306_.jpg,test,f_r_478_,data/suim_processed/images/test/f_r_478_.jpg,20,False
val_vs_test,val,f_r_1511_,data/suim_processed/images/train_val/f_r_1511_.jpg,test,d_r_598_,data/suim_processed/images/test/d_r_598_.jpg,20,False
val_vs_test,val,f_r_1511_,data/suim_processed/images/train_val/f_r_1511_.jpg,test,w_r_30_,data/suim_processed/images/test/w_r_30_.jpg,20,False
val_vs_test,val,f_r_1561_,data/suim_processed/images/train_val/f_r_1561_.jpg,test,f_r_1199_,data/suim_processed/images/test/f_r_1199_.jpg,20,False
val_vs_test,val,f_r_1561_,data/suim_processed/images/train_val/f_r_1561_.jpg,test,f_r_1229_,data/suim_processed/images/test/f_r_1229_.jpg,20,False
val_vs_test,val,f_r_1694_,data/suim_processed/images/train_val/f_r_1694_.jpg,test,f_r_1033_,data/suim_processed/images/test/f_r_1033_.jpg,20,False
val_vs_test,val,f_r_1726_,data/suim_processed/images/train_val/f_r_1726_.jpg,test,f_r_1782_,data/suim_processed/images/test/f_r_1782_.jpg,20,False
val_vs_test,val,f_r_1731_,data/suim_processed/images/train_val/f_r_1731_.jpg,test,f_r_1298_,data/suim_processed/images/test/f_r_1298_.jpg,20,False
val_vs_test,val,f_r_1731_,data/suim_processed/images/train_val/f_r_1731_.jpg,test,f_r_214_,data/suim_processed/images/test/f_r_214_.jpg,20,False
val_vs_test,val,f_r_1731_,data/suim_processed/images/train_val/f_r_1731_.jpg,test,n_l_18_,data/suim_processed/images/test/n_l_18_.jpg,20,False
val_vs_test,val,f_r_1731_,data/suim_processed/images/train_val/f_r_1731_.jpg,test,w_r_10_,data/suim_processed/images/test/w_r_10_.jpg,20,False
val_vs_test,val,f_r_1747_,data/suim_processed/images/train_val/f_r_1747_.jpg,test,f_r_2052_,data/suim_processed/images/test/f_r_2052_.jpg,20,False
val_vs_test,val,f_r_1777_,data/suim_processed/images/train_val/f_r_1777_.jpg,test,w_r_14_,data/suim_processed/images/test/w_r_14_.jpg,20,False
val_vs_test,val,f_r_1792_,data/suim_processed/images/train_val/f_r_1792_.jpg,test,f_r_1282_,data/suim_processed/images/test/f_r_1282_.jpg,20,False
val_vs_test,val,f_r_1809_,data/suim_processed/images/train_val/f_r_1809_.jpg,test,d_r_598_,data/suim_processed/images/test/d_r_598_.jpg,20,False
val_vs_test,val,f_r_1809_,data/suim_processed/images/train_val/f_r_1809_.jpg,test,w_r_109_,data/suim_processed/images/test/w_r_109_.jpg,20,False
val_vs_test,val,f_r_1854_,data/suim_processed/images/train_val/f_r_1854_.jpg,test,n_l_3_,data/suim_processed/images/test/n_l_3_.jpg,20,False
val_vs_test,val,f_r_1854_,data/suim_processed/images/train_val/f_r_1854_.jpg,test,w_r_101_,data/suim_processed/images/test/w_r_101_.jpg,20,False
val_vs_test,val,f_r_1951_,data/suim_processed/images/train_val/f_r_1951_.jpg,test,f_r_1229_,data/suim_processed/images/test/f_r_1229_.jpg,20,False
val_vs_test,val,f_r_1951_,data/suim_processed/images/train_val/f_r_1951_.jpg,test,f_r_1435_,data/suim_processed/images/test/f_r_1435_.jpg,20,False
val_vs_test,val,f_r_1961_,data/suim_processed/images/train_val/f_r_1961_.jpg,test,f_r_1892_,data/suim_processed/images/test/f_r_1892_.jpg,20,False
val_vs_test,val,f_r_1997_,data/suim_processed/images/train_val/f_r_1997_.jpg,test,f_r_1282_,data/suim_processed/images/test/f_r_1282_.jpg,20,False
val_vs_test,val,f_r_1997_,data/suim_processed/images/train_val/f_r_1997_.jpg,test,f_r_246_,data/suim_processed/images/test/f_r_246_.jpg,20,False
val_vs_test,val,f_r_2020_,data/suim_processed/images/train_val/f_r_2020_.jpg,test,f_r_1920_,data/suim_processed/images/test/f_r_1920_.jpg,20,False
val_vs_test,val,f_r_2050_,data/suim_processed/images/train_val/f_r_2050_.jpg,test,w_r_101_,data/suim_processed/images/test/w_r_101_.jpg,20,False
val_vs_test,val,f_r_210_,data/suim_processed/images/train_val/f_r_210_.jpg,test,f_r_263_,data/suim_processed/images/test/f_r_263_.jpg,20,False
val_vs_test,val,f_r_274_,data/suim_processed/images/train_val/f_r_274_.jpg,test,d_r_144_,data/suim_processed/images/test/d_r_144_.jpg,20,False
val_vs_test,val,f_r_274_,data/suim_processed/images/train_val/f_r_274_.jpg,test,d_r_547_,data/suim_processed/images/test/d_r_547_.jpg,20,False
val_vs_test,val,f_r_274_,data/suim_processed/images/train_val/f_r_274_.jpg,test,f_r_1737_,data/suim_processed/images/test/f_r_1737_.jpg,20,False
val_vs_test,val,f_r_280_,data/suim_processed/images/train_val/f_r_280_.jpg,test,d_r_379_,data/suim_processed/images/test/d_r_379_.jpg,20,False
val_vs_test,val,f_r_361_,data/suim_processed/images/train_val/f_r_361_.jpg,test,n_l_87_,data/suim_processed/images/test/n_l_87_.jpg,20,False
val_vs_test,val,f_r_423_,data/suim_processed/images/train_val/f_r_423_.jpg,test,f_r_1059_,data/suim_processed/images/test/f_r_1059_.jpg,20,False
val_vs_test,val,f_r_470_,data/suim_processed/images/train_val/f_r_470_.jpg,test,f_r_54_,data/suim_processed/images/test/f_r_54_.jpg,20,False
val_vs_test,val,f_r_505_,data/suim_processed/images/train_val/f_r_505_.jpg,test,n_l_87_,data/suim_processed/images/test/n_l_87_.jpg,20,False
val_vs_test,val,f_r_636_,data/suim_processed/images/train_val/f_r_636_.jpg,test,d_r_598_,data/suim_processed/images/test/d_r_598_.jpg,20,False
val_vs_test,val,f_r_636_,data/suim_processed/images/train_val/f_r_636_.jpg,test,w_r_84_,data/suim_processed/images/test/w_r_84_.jpg,20,False
val_vs_test,val,f_r_828_,data/suim_processed/images/train_val/f_r_828_.jpg,test,f_r_392_,data/suim_processed/images/test/f_r_392_.jpg,20,False
val_vs_test,val,f_r_842_,data/suim_processed/images/train_val/f_r_842_.jpg,test,w_r_14_,data/suim_processed/images/test/w_r_14_.jpg,20,False
val_vs_test,val,f_r_961_,data/suim_processed/images/train_val/f_r_961_.jpg,test,f_r_263_,data/suim_processed/images/test/f_r_263_.jpg,20,False
val_vs_test,val,n_l_1_,data/suim_processed/images/train_val/n_l_1_.jpg,test,d_r_379_,data/suim_processed/images/test/d_r_379_.jpg,20,False
val_vs_test,val,n_l_77_,data/suim_processed/images/train_val/n_l_77_.jpg,test,f_r_54_,data/suim_processed/images/test/f_r_54_.jpg,20,False
val_vs_test,val,n_l_82_,data/suim_processed/images/train_val/n_l_82_.jpg,test,f_r_1471_,data/suim_processed/images/test/f_r_1471_.jpg,20,False
val_vs_test,val,n_l_82_,data/suim_processed/images/train_val/n_l_82_.jpg,test,f_r_54_,data/suim_processed/images/test/f_r_54_.jpg,20,False
val_vs_test,val,w_r_108_,data/suim_processed/images/train_val/w_r_108_.jpg,test,d_r_300_,data/suim_processed/images/test/d_r_300_.jpg,20,False
val_vs_test,val,w_r_112_,data/suim_processed/images/train_val/w_r_112_.jpg,test,d_r_47_,data/suim_processed/images/test/d_r_47_.jpg,20,False
val_vs_test,val,w_r_158_,data/suim_processed/images/train_val/w_r_158_.jpg,test,d_r_300_,data/suim_processed/images/test/d_r_300_.jpg,20,False
val_vs_test,val,w_r_158_,data/suim_processed/images/train_val/w_r_158_.jpg,test,f_r_24_,data/suim_processed/images/test/f_r_24_.jpg,20,False
val_vs_test,val,w_r_165_,data/suim_processed/images/train_val/w_r_165_.jpg,test,w_r_111_,data/suim_processed/images/test/w_r_111_.jpg,20,False
val_vs_test,val,w_r_182_,data/suim_processed/images/train_val/w_r_182_.jpg,test,f_r_1948_,data/suim_processed/images/test/f_r_1948_.jpg,20,False
