pair_key,sample_id_a,partition_a,image_path_a,sample_id_b,partition_b,image_path_b,phash_distance,dhash_distance,embedding_cosine,candidate_sources,review_decision,reviewer,review_date,notes
n_l_69___n_l_98_,n_l_69_,train_val,data/suim_processed/images/train_val/n_l_69_.jpg,n_l_98_,train_val,data/suim_processed/images/train_val/n_l_98_.jpg,0,0,0.9999538064002991,perceptual_hash;segformer_embedding,pending,,,
d_r_87___n_l_42_,d_r_87_,train_val,data/suim_processed/images/train_val/d_r_87_.jpg,n_l_42_,train_val,data/suim_processed/images/train_val/n_l_42_.jpg,0,0,0.9999305009841919,perceptual_hash;segformer_embedding,pending,,,
f_r_403___n_l_80_,f_r_403_,test,data/suim_processed/images/test/f_r_403_.jpg,n_l_80_,train_val,data/suim_processed/images/train_val/n_l_80_.jpg,0,0,0.9999273419380188,perceptual_hash;segformer_embedding,pending,,,
n_l_26___w_r_32_,n_l_26_,test,data/suim_processed/images/test/n_l_26_.jpg,w_r_32_,train_val,data/suim_processed/images/train_val/w_r_32_.jpg,0,0,0.999907374382019,perceptual_hash;segformer_embedding,pending,,,
d_r_723___f_r_1525_,d_r_723_,train_val,data/suim_processed/images/train_val/d_r_723_.jpg,f_r_1525_,train_val,data/suim_processed/images/train_val/f_r_1525_.jpg,0,0,0.9998837113380432,perceptual_hash;segformer_embedding,pending,,,
d_r_723___f_r_816_,d_r_723_,train_val,data/suim_processed/images/train_val/d_r_723_.jpg,f_r_816_,train_val,data/suim_processed/images/train_val/f_r_816_.jpg,0,0,0.9998837113380432,perceptual_hash;segformer_embedding,pending,,,
d_r_316___f_r_1196_,d_r_316_,train_val,data/suim_processed/images/train_val/d_r_316_.jpg,f_r_1196_,train_val,data/suim_processed/images/train_val/f_r_1196_.jpg,0,0,0.9998823404312134,perceptual_hash;segformer_embedding,pending,,,
d_r_316___f_r_1647_,d_r_316_,train_val,data/suim_processed/images/train_val/d_r_316_.jpg,f_r_1647_,train_val,data/suim_processed/images/train_val/f_r_1647_.jpg,0,0,0.9998823404312134,perceptual_hash;segformer_embedding,pending,,,
f_r_1765___n_l_98_,f_r_1765_,train_val,data/suim_processed/images/train_val/f_r_1765_.jpg,n_l_98_,train_val,data/suim_processed/images/train_val/n_l_98_.jpg,0,0,0.9998787641525269,perceptual_hash;segformer_embedding,pending,,,
f_r_725___n_l_75_,f_r_725_,train_val,data/suim_processed/images/train_val/f_r_725_.jpg,n_l_75_,train_val,data/suim_processed/images/train_val/n_l_75_.jpg,0,1,0.9998226761817932,perceptual_hash;segformer_embedding,pending,,,
f_r_1525___n_l_13_,f_r_1525_,train_val,data/suim_processed/images/train_val/f_r_1525_.jpg,n_l_13_,train_val,data/suim_processed/images/train_val/n_l_13_.jpg,0,0,0.9997522234916687,perceptual_hash;segformer_embedding,pending,,,
f_r_816___n_l_13_,f_r_816_,train_val,data/suim_processed/images/train_val/f_r_816_.jpg,n_l_13_,train_val,data/suim_processed/images/train_val/n_l_13_.jpg,0,0,0.9997522234916687,perceptual_hash;segformer_embedding,pending,,,
f_r_1765___n_l_69_,f_r_1765_,train_val,data/suim_processed/images/train_val/f_r_1765_.jpg,n_l_69_,train_val,data/suim_processed/images/train_val/n_l_69_.jpg,0,0,0.9997453093528748,perceptual_hash;segformer_embedding,pending,,,
d_r_185___n_l_74_,d_r_185_,train_val,data/suim_processed/images/train_val/d_r_185_.jpg,n_l_74_,train_val,data/suim_processed/images/train_val/n_l_74_.jpg,0,0,0.9997227787971497,perceptual_hash;segformer_embedding,pending,,,
d_r_723___n_l_13_,d_r_723_,train_val,data/suim_processed/images/train_val/d_r_723_.jpg,n_l_13_,train_val,data/suim_processed/images/train_val/n_l_13_.jpg,0,0,0.9997226595878601,perceptual_hash;segformer_embedding,pending,,,
f_r_2005___n_l_41_,f_r_2005_,train_val,data/suim_processed/images/train_val/f_r_2005_.jpg,n_l_41_,train_val,data/suim_processed/images/train_val/n_l_41_.jpg,0,0,0.9997120499610901,perceptual_hash;segformer_embedding,pending,,,
n_l_102___f_r_2033_,n_l_102_,test,data/suim_processed/images/test/n_l_102_.jpg,f_r_2033_,train_val,data/suim_processed/images/train_val/f_r_2033_.jpg,2,0,0.9997119307518005,perceptual_hash;segformer_embedding,pending,,,
f_r_1856___n_l_72_,f_r_1856_,train_val,data/suim_processed/images/train_val/f_r_1856_.jpg,n_l_72_,train_val,data/suim_processed/images/train_val/n_l_72_.jpg,0,0,0.9997045397758484,perceptual_hash;segformer_embedding,pending,,,
f_r_1305___n_l_56_,f_r_1305_,train_val,data/suim_processed/images/train_val/f_r_1305_.jpg,n_l_56_,train_val,data/suim_processed/images/train_val/n_l_56_.jpg,0,0,0.9996904134750366,perceptual_hash;segformer_embedding,pending,,,
f_r_1649___n_l_11_,f_r_1649_,train_val,data/suim_processed/images/train_val/f_r_1649_.jpg,n_l_11_,train_val,data/suim_processed/images/train_val/n_l_11_.jpg,0,0,0.9996903538703918,perceptual_hash;segformer_embedding,pending,,,
d_r_105___w_r_9_,d_r_105_,train_val,data/suim_processed/images/train_val/d_r_105_.jpg,w_r_9_,train_val,data/suim_processed/images/train_val/w_r_9_.jpg,0,0,0.999672532081604,perceptual_hash;segformer_embedding,pending,,,
f_r_870___n_l_6_,f_r_870_,train_val,data/suim_processed/images/train_val/f_r_870_.jpg,n_l_6_,train_val,data/suim_processed/images/train_val/n_l_6_.jpg,0,0,0.9996525049209595,perceptual_hash;segformer_embedding,pending,,,
f_r_914___n_l_112_,f_r_914_,train_val,data/suim_processed/images/train_val/f_r_914_.jpg,n_l_112_,train_val,data/suim_processed/images/train_val/n_l_112_.jpg,0,0,0.9996482729911804,perceptual_hash;segformer_embedding,pending,,,
d_r_385___w_r_8_,d_r_385_,train_val,data/suim_processed/images/train_val/d_r_385_.jpg,w_r_8_,train_val,data/suim_processed/images/train_val/w_r_8_.jpg,0,0,0.999640703201294,perceptual_hash;segformer_embedding,pending,,,
f_r_1804___n_l_45_,f_r_1804_,train_val,data/suim_processed/images/train_val/f_r_1804_.jpg,n_l_45_,train_val,data/suim_processed/images/train_val/n_l_45_.jpg,0,1,0.999589204788208,perceptual_hash;segformer_embedding,pending,,,
f_r_1583___n_l_89_,f_r_1583_,train_val,data/suim_processed/images/train_val/f_r_1583_.jpg,n_l_89_,train_val,data/suim_processed/images/train_val/n_l_89_.jpg,0,0,0.9995744824409485,perceptual_hash;segformer_embedding,pending,,,
f_r_1198___n_l_73_,f_r_1198_,train_val,data/suim_processed/images/train_val/f_r_1198_.jpg,n_l_73_,train_val,data/suim_processed/images/train_val/n_l_73_.jpg,0,0,0.9995720386505127,perceptual_hash;segformer_embedding,pending,,,
f_r_1417___n_l_110_,f_r_1417_,train_val,data/suim_processed/images/train_val/f_r_1417_.jpg,n_l_110_,train_val,data/suim_processed/images/train_val/n_l_110_.jpg,0,0,0.9995254278182983,perceptual_hash;segformer_embedding,pending,,,
n_l_79___f_r_615_,n_l_79_,test,data/suim_processed/images/test/n_l_79_.jpg,f_r_615_,train_val,data/suim_processed/images/train_val/f_r_615_.jpg,0,0,0.9995073676109314,perceptual_hash;segformer_embedding,pending,,,
f_r_210___n_l_57_,f_r_210_,train_val,data/suim_processed/images/train_val/f_r_210_.jpg,n_l_57_,train_val,data/suim_processed/images/train_val/n_l_57_.jpg,0,0,0.9993061423301697,perceptual_hash;segformer_embedding,pending,,,
w_r_41___w_r_44_,w_r_41_,train_val,data/suim_processed/images/train_val/w_r_41_.jpg,w_r_44_,train_val,data/suim_processed/images/train_val/w_r_44_.jpg,0,0,0.9992988705635071,perceptual_hash;segformer_embedding,pending,,,
f_r_2001___n_l_96_,f_r_2001_,train_val,data/suim_processed/images/train_val/f_r_2001_.jpg,n_l_96_,train_val,data/suim_processed/images/train_val/n_l_96_.jpg,0,0,0.9991769194602966,perceptual_hash;segformer_embedding,pending,,,
f_r_785___n_l_97_,f_r_785_,train_val,data/suim_processed/images/train_val/f_r_785_.jpg,n_l_97_,train_val,data/suim_processed/images/train_val/n_l_97_.jpg,0,0,0.9991258382797241,perceptual_hash;segformer_embedding,pending,,,
f_r_760___n_l_33_,f_r_760_,train_val,data/suim_processed/images/train_val/f_r_760_.jpg,n_l_33_,train_val,data/suim_processed/images/train_val/n_l_33_.jpg,0,0,0.9990131855010986,perceptual_hash;segformer_embedding,pending,,,
f_r_1828___f_r_67_,f_r_1828_,train_val,data/suim_processed/images/train_val/f_r_1828_.jpg,f_r_67_,train_val,data/suim_processed/images/train_val/f_r_67_.jpg,0,0,0.9985766410827637,perceptual_hash;segformer_embedding,pending,,,
n_l_100___f_r_953_,n_l_100_,test,data/suim_processed/images/test/n_l_100_.jpg,f_r_953_,train_val,data/suim_processed/images/train_val/f_r_953_.jpg,0,0,0.9985658526420593,perceptual_hash;segformer_embedding,pending,,,
f_r_692___n_l_5_,f_r_692_,train_val,data/suim_processed/images/train_val/f_r_692_.jpg,n_l_5_,train_val,data/suim_processed/images/train_val/n_l_5_.jpg,0,0,0.9984038472175598,perceptual_hash;segformer_embedding,pending,,,
f_r_1048___n_l_71_,f_r_1048_,train_val,data/suim_processed/images/train_val/f_r_1048_.jpg,n_l_71_,train_val,data/suim_processed/images/train_val/n_l_71_.jpg,0,1,0.9983353614807129,perceptual_hash;segformer_embedding,pending,,,
f_r_1618___n_l_78_,f_r_1618_,train_val,data/suim_processed/images/train_val/f_r_1618_.jpg,n_l_78_,train_val,data/suim_processed/images/train_val/n_l_78_.jpg,0,0,0.998309314250946,perceptual_hash;segformer_embedding,pending,,,
f_r_2020___f_r_320_,f_r_2020_,train_val,data/suim_processed/images/train_val/f_r_2020_.jpg,f_r_320_,train_val,data/suim_processed/images/train_val/f_r_320_.jpg,0,0,0.9981997609138489,perceptual_hash;segformer_embedding,pending,,,
f_r_1973___n_l_85_,f_r_1973_,train_val,data/suim_processed/images/train_val/f_r_1973_.jpg,n_l_85_,train_val,data/suim_processed/images/train_val/n_l_85_.jpg,0,0,0.9981361031532288,perceptual_hash;segformer_embedding,pending,,,
f_r_923___n_l_82_,f_r_923_,train_val,data/suim_processed/images/train_val/f_r_923_.jpg,n_l_82_,train_val,data/suim_processed/images/train_val/n_l_82_.jpg,2,3,0.9980834126472473,perceptual_hash;segformer_embedding,pending,,,
f_r_1507___n_l_2_,f_r_1507_,train_val,data/suim_processed/images/train_val/f_r_1507_.jpg,n_l_2_,train_val,data/suim_processed/images/train_val/n_l_2_.jpg,0,0,0.9979775547981262,perceptual_hash;segformer_embedding,pending,,,
f_r_1534___n_l_83_,f_r_1534_,train_val,data/suim_processed/images/train_val/f_r_1534_.jpg,n_l_83_,train_val,data/suim_processed/images/train_val/n_l_83_.jpg,0,0,0.9976223111152649,perceptual_hash;segformer_embedding,pending,,,
f_r_495___n_l_90_,f_r_495_,train_val,data/suim_processed/images/train_val/f_r_495_.jpg,n_l_90_,train_val,data/suim_processed/images/train_val/n_l_90_.jpg,0,0,0.997618556022644,perceptual_hash;segformer_embedding,pending,,,
f_r_1908___n_l_68_,f_r_1908_,train_val,data/suim_processed/images/train_val/f_r_1908_.jpg,n_l_68_,train_val,data/suim_processed/images/train_val/n_l_68_.jpg,0,0,0.9974201321601868,perceptual_hash;segformer_embedding,pending,,,
f_r_1840___n_l_103_,f_r_1840_,train_val,data/suim_processed/images/train_val/f_r_1840_.jpg,n_l_103_,train_val,data/suim_processed/images/train_val/n_l_103_.jpg,0,2,0.997290313243866,perceptual_hash;segformer_embedding,pending,,,
d_r_624___n_l_23_,d_r_624_,train_val,data/suim_processed/images/train_val/d_r_624_.jpg,n_l_23_,train_val,data/suim_processed/images/train_val/n_l_23_.jpg,0,0,0.9971829652786255,perceptual_hash;segformer_embedding,pending,,,
f_r_1464___f_r_707_,f_r_1464_,train_val,data/suim_processed/images/train_val/f_r_1464_.jpg,f_r_707_,train_val,data/suim_processed/images/train_val/f_r_707_.jpg,0,1,0.9968627095222473,perceptual_hash;segformer_embedding,pending,,,
d_r_516___f_r_2004_,d_r_516_,train_val,data/suim_processed/images/train_val/d_r_516_.jpg,f_r_2004_,train_val,data/suim_processed/images/train_val/f_r_2004_.jpg,0,0,0.9966388940811157,perceptual_hash;segformer_embedding,pending,,,
f_r_103___n_l_22_,f_r_103_,train_val,data/suim_processed/images/train_val/f_r_103_.jpg,n_l_22_,train_val,data/suim_processed/images/train_val/n_l_22_.jpg,0,0,0.996330738067627,perceptual_hash;segformer_embedding,pending,,,
f_r_1112___f_r_2074_,f_r_1112_,train_val,data/suim_processed/images/train_val/f_r_1112_.jpg,f_r_2074_,train_val,data/suim_processed/images/train_val/f_r_2074_.jpg,0,2,0.9962973594665527,perceptual_hash;segformer_embedding,pending,,,
f_r_1971___f_r_564_,f_r_1971_,train_val,data/suim_processed/images/train_val/f_r_1971_.jpg,f_r_564_,train_val,data/suim_processed/images/train_val/f_r_564_.jpg,0,0,0.9958106875419617,perceptual_hash;segformer_embedding,pending,,,
f_r_1221___f_r_381_,f_r_1221_,train_val,data/suim_processed/images/train_val/f_r_1221_.jpg,f_r_381_,train_val,data/suim_processed/images/train_val/f_r_381_.jpg,2,0,0.9954811930656433,perceptual_hash;segformer_embedding,pending,,,
f_r_1892___f_r_1827_,f_r_1892_,test,data/suim_processed/images/test/f_r_1892_.jpg,f_r_1827_,train_val,data/suim_processed/images/train_val/f_r_1827_.jpg,0,1,0.9954041242599487,perceptual_hash;segformer_embedding,pending,,,
f_r_1783___f_r_922_,f_r_1783_,train_val,data/suim_processed/images/train_val/f_r_1783_.jpg,f_r_922_,train_val,data/suim_processed/images/train_val/f_r_922_.jpg,0,0,0.9942615628242493,perceptual_hash;segformer_embedding,pending,,,
f_r_1041___f_r_63_,f_r_1041_,train_val,data/suim_processed/images/train_val/f_r_1041_.jpg,f_r_63_,train_val,data/suim_processed/images/train_val/f_r_63_.jpg,0,1,0.9928706288337708,perceptual_hash;segformer_embedding,pending,,,
f_r_30___f_r_540_,f_r_30_,train_val,data/suim_processed/images/train_val/f_r_30_.jpg,f_r_540_,train_val,data/suim_processed/images/train_val/f_r_540_.jpg,2,7,0.9880617260932922,perceptual_hash;segformer_embedding,pending,,,
f_r_1678___f_r_754_,f_r_1678_,train_val,data/suim_processed/images/train_val/f_r_1678_.jpg,f_r_754_,train_val,data/suim_processed/images/train_val/f_r_754_.jpg,0,1,0.9879560470581055,perceptual_hash;segformer_embedding,pending,,,
d_r_455___f_r_459_,d_r_455_,train_val,data/suim_processed/images/train_val/d_r_455_.jpg,f_r_459_,train_val,data/suim_processed/images/train_val/f_r_459_.jpg,14,7,0.9856030344963074,perceptual_hash;segformer_embedding,pending,,,
d_r_198___d_r_542_,d_r_198_,train_val,data/suim_processed/images/train_val/d_r_198_.jpg,d_r_542_,train_val,data/suim_processed/images/train_val/d_r_542_.jpg,2,3,0.9842807650566101,perceptual_hash;segformer_embedding,pending,,,
f_r_1155___f_r_1271_,f_r_1155_,train_val,data/suim_processed/images/train_val/f_r_1155_.jpg,f_r_1271_,train_val,data/suim_processed/images/train_val/f_r_1271_.jpg,2,2,0.9813342094421387,perceptual_hash;segformer_embedding,pending,,,
f_r_1209___f_r_1237_,f_r_1209_,train_val,data/suim_processed/images/train_val/f_r_1209_.jpg,f_r_1237_,train_val,data/suim_processed/images/train_val/f_r_1237_.jpg,24,17,0.9804638028144836,segformer_embedding,pending,,,
d_r_148___d_r_768_,d_r_148_,train_val,data/suim_processed/images/train_val/d_r_148_.jpg,d_r_768_,train_val,data/suim_processed/images/train_val/d_r_768_.jpg,20,24,0.9759486317634583,segformer_embedding,pending,,,
f_r_1546___f_r_225_,f_r_1546_,train_val,data/suim_processed/images/train_val/f_r_1546_.jpg,f_r_225_,train_val,data/suim_processed/images/train_val/f_r_225_.jpg,10,8,0.9756001234054565,perceptual_hash;segformer_embedding,pending,,,
f_r_1298___f_r_973_,f_r_1298_,test,data/suim_processed/images/test/f_r_1298_.jpg,f_r_973_,train_val,data/suim_processed/images/train_val/f_r_973_.jpg,12,10,0.9738911986351013,perceptual_hash;segformer_embedding,pending,,,
f_r_1546___f_r_1724_,f_r_1546_,train_val,data/suim_processed/images/train_val/f_r_1546_.jpg,f_r_1724_,train_val,data/suim_processed/images/train_val/f_r_1724_.jpg,14,15,0.9736009836196899,perceptual_hash;segformer_embedding,pending,,,
f_r_1095___f_r_1194_,f_r_1095_,train_val,data/suim_processed/images/train_val/f_r_1095_.jpg,f_r_1194_,train_val,data/suim_processed/images/train_val/f_r_1194_.jpg,6,8,0.9719264507293701,perceptual_hash;segformer_embedding,pending,,,
f_r_180___f_r_632_,f_r_180_,train_val,data/suim_processed/images/train_val/f_r_180_.jpg,f_r_632_,train_val,data/suim_processed/images/train_val/f_r_632_.jpg,2,3,0.9710237979888916,perceptual_hash;segformer_embedding,pending,,,
f_r_1069___f_r_1812_,f_r_1069_,train_val,data/suim_processed/images/train_val/f_r_1069_.jpg,f_r_1812_,train_val,data/suim_processed/images/train_val/f_r_1812_.jpg,4,5,0.9701035618782043,perceptual_hash;segformer_embedding,pending,,,
f_r_1724___f_r_225_,f_r_1724_,train_val,data/suim_processed/images/train_val/f_r_1724_.jpg,f_r_225_,train_val,data/suim_processed/images/train_val/f_r_225_.jpg,14,13,0.9699193835258484,perceptual_hash;segformer_embedding,pending,,,
d_r_319___d_r_656_,d_r_319_,train_val,data/suim_processed/images/train_val/d_r_319_.jpg,d_r_656_,train_val,data/suim_processed/images/train_val/d_r_656_.jpg,2,2,0.9697376489639282,perceptual_hash;segformer_embedding,pending,,,
f_r_2080___f_r_325_,f_r_2080_,train_val,data/suim_processed/images/train_val/f_r_2080_.jpg,f_r_325_,train_val,data/suim_processed/images/train_val/f_r_325_.jpg,28,24,0.9688317775726318,segformer_embedding,pending,,,
d_r_403___d_r_604_,d_r_403_,train_val,data/suim_processed/images/train_val/d_r_403_.jpg,d_r_604_,train_val,data/suim_processed/images/train_val/d_r_604_.jpg,10,8,0.968498170375824,perceptual_hash;segformer_embedding,pending,,,
n_l_105___n_l_68_,n_l_105_,train_val,data/suim_processed/images/train_val/n_l_105_.jpg,n_l_68_,train_val,data/suim_processed/images/train_val/n_l_68_.jpg,2,1,0.9667998552322388,perceptual_hash;segformer_embedding,pending,,,
f_r_1955___f_r_627_,f_r_1955_,train_val,data/suim_processed/images/train_val/f_r_1955_.jpg,f_r_627_,train_val,data/suim_processed/images/train_val/f_r_627_.jpg,20,19,0.9663791656494141,segformer_embedding,pending,,,
f_r_1908___n_l_105_,f_r_1908_,train_val,data/suim_processed/images/train_val/f_r_1908_.jpg,n_l_105_,train_val,data/suim_processed/images/train_val/n_l_105_.jpg,2,1,0.9653738737106323,perceptual_hash;segformer_embedding,pending,,,
f_r_1616___f_r_536_,f_r_1616_,train_val,data/suim_processed/images/train_val/f_r_1616_.jpg,f_r_536_,train_val,data/suim_processed/images/train_val/f_r_536_.jpg,6,10,0.9644834995269775,perceptual_hash;segformer_embedding,pending,,,
f_r_766___n_l_20_,f_r_766_,train_val,data/suim_processed/images/train_val/f_r_766_.jpg,n_l_20_,train_val,data/suim_processed/images/train_val/n_l_20_.jpg,26,33,0.9619407057762146,segformer_embedding,pending,,,
f_r_963___f_r_979_,f_r_963_,train_val,data/suim_processed/images/train_val/f_r_963_.jpg,f_r_979_,train_val,data/suim_processed/images/train_val/f_r_979_.jpg,20,19,0.9615941047668457,segformer_embedding,pending,,,
f_r_1570___f_r_1879_,f_r_1570_,train_val,data/suim_processed/images/train_val/f_r_1570_.jpg,f_r_1879_,train_val,data/suim_processed/images/train_val/f_r_1879_.jpg,2,4,,perceptual_hash,pending,,,
f_r_1166___f_r_2058_,f_r_1166_,train_val,data/suim_processed/images/train_val/f_r_1166_.jpg,f_r_2058_,train_val,data/suim_processed/images/train_val/f_r_2058_.jpg,4,2,,perceptual_hash,pending,,,
f_r_1276___n_l_94_,f_r_1276_,test,data/suim_processed/images/test/f_r_1276_.jpg,n_l_94_,train_val,data/suim_processed/images/train_val/n_l_94_.jpg,4,7,,perceptual_hash,pending,,,
d_r_112___d_r_759_,d_r_112_,train_val,data/suim_processed/images/train_val/d_r_112_.jpg,d_r_759_,train_val,data/suim_processed/images/train_val/d_r_759_.jpg,4,10,,perceptual_hash,pending,,,
d_r_303___d_r_776_,d_r_303_,train_val,data/suim_processed/images/train_val/d_r_303_.jpg,d_r_776_,train_val,data/suim_processed/images/train_val/d_r_776_.jpg,6,4,,perceptual_hash,pending,,,
d_r_656___d_r_675_,d_r_656_,train_val,data/suim_processed/images/train_val/d_r_656_.jpg,d_r_675_,train_val,data/suim_processed/images/train_val/d_r_675_.jpg,6,10,,perceptual_hash,pending,,,
f_r_741___n_l_38_,f_r_741_,train_val,data/suim_processed/images/train_val/f_r_741_.jpg,n_l_38_,train_val,data/suim_processed/images/train_val/n_l_38_.jpg,6,12,,perceptual_hash,pending,,,
f_r_1438___f_r_665_,f_r_1438_,train_val,data/suim_processed/images/train_val/f_r_1438_.jpg,f_r_665_,train_val,data/suim_processed/images/train_val/f_r_665_.jpg,8,5,,perceptual_hash,pending,,,
f_r_1985___f_r_643_,f_r_1985_,train_val,data/suim_processed/images/train_val/f_r_1985_.jpg,f_r_643_,train_val,data/suim_processed/images/train_val/f_r_643_.jpg,8,6,,perceptual_hash,pending,,,
f_r_1024___f_r_1454_,f_r_1024_,train_val,data/suim_processed/images/train_val/f_r_1024_.jpg,f_r_1454_,train_val,data/suim_processed/images/train_val/f_r_1454_.jpg,8,7,,perceptual_hash,pending,,,
f_r_264___f_r_547_,f_r_264_,train_val,data/suim_processed/images/train_val/f_r_264_.jpg,f_r_547_,train_val,data/suim_processed/images/train_val/f_r_547_.jpg,8,8,,perceptual_hash,pending,,,
f_r_1297___f_r_1678_,f_r_1297_,train_val,data/suim_processed/images/train_val/f_r_1297_.jpg,f_r_1678_,train_val,data/suim_processed/images/train_val/f_r_1678_.jpg,8,9,,perceptual_hash,pending,,,
f_r_1297___f_r_754_,f_r_1297_,train_val,data/suim_processed/images/train_val/f_r_1297_.jpg,f_r_754_,train_val,data/suim_processed/images/train_val/f_r_754_.jpg,8,10,,perceptual_hash,pending,,,
d_r_125___d_r_633_,d_r_125_,train_val,data/suim_processed/images/train_val/d_r_125_.jpg,d_r_633_,train_val,data/suim_processed/images/train_val/d_r_633_.jpg,8,12,,perceptual_hash,pending,,,
d_r_319___d_r_675_,d_r_319_,train_val,data/suim_processed/images/train_val/d_r_319_.jpg,d_r_675_,train_val,data/suim_processed/images/train_val/d_r_675_.jpg,8,12,,perceptual_hash,pending,,,
f_r_1382___f_r_1894_,f_r_1382_,train_val,data/suim_processed/images/train_val/f_r_1382_.jpg,f_r_1894_,train_val,data/suim_processed/images/train_val/f_r_1894_.jpg,10,5,,perceptual_hash,pending,,,
f_r_766___f_r_973_,f_r_766_,train_val,data/suim_processed/images/train_val/f_r_766_.jpg,f_r_973_,train_val,data/suim_processed/images/train_val/f_r_973_.jpg,10,5,,perceptual_hash,pending,,,
d_r_112___d_r_428_,d_r_112_,train_val,data/suim_processed/images/train_val/d_r_112_.jpg,d_r_428_,train_val,data/suim_processed/images/train_val/d_r_428_.jpg,10,9,,perceptual_hash,pending,,,
f_r_1502___f_r_1793_,f_r_1502_,train_val,data/suim_processed/images/train_val/f_r_1502_.jpg,f_r_1793_,train_val,data/suim_processed/images/train_val/f_r_1793_.jpg,10,11,,perceptual_hash,pending,,,
f_r_573___f_r_671_,f_r_573_,train_val,data/suim_processed/images/train_val/f_r_573_.jpg,f_r_671_,train_val,data/suim_processed/images/train_val/f_r_671_.jpg,10,11,,perceptual_hash,pending,,,
f_r_1195___f_r_370_,f_r_1195_,train_val,data/suim_processed/images/train_val/f_r_1195_.jpg,f_r_370_,train_val,data/suim_processed/images/train_val/f_r_370_.jpg,10,13,,perceptual_hash,pending,,,
d_r_132___f_r_236_,d_r_132_,train_val,data/suim_processed/images/train_val/d_r_132_.jpg,f_r_236_,train_val,data/suim_processed/images/train_val/f_r_236_.jpg,10,26,,perceptual_hash,pending,,,
f_r_447___n_l_47_,f_r_447_,train_val,data/suim_processed/images/train_val/f_r_447_.jpg,n_l_47_,train_val,data/suim_processed/images/train_val/n_l_47_.jpg,12,6,,perceptual_hash,pending,,,
f_r_573___f_r_744_,f_r_573_,train_val,data/suim_processed/images/train_val/f_r_573_.jpg,f_r_744_,train_val,data/suim_processed/images/train_val/f_r_744_.jpg,12,7,,perceptual_hash,pending,,,
f_r_1985___f_r_681_,f_r_1985_,train_val,data/suim_processed/images/train_val/f_r_1985_.jpg,f_r_681_,train_val,data/suim_processed/images/train_val/f_r_681_.jpg,12,9,,perceptual_hash,pending,,,
f_r_1063___f_r_732_,f_r_1063_,train_val,data/suim_processed/images/train_val/f_r_1063_.jpg,f_r_732_,train_val,data/suim_processed/images/train_val/f_r_732_.jpg,12,11,,perceptual_hash,pending,,,
f_r_63___n_l_58_,f_r_63_,train_val,data/suim_processed/images/train_val/f_r_63_.jpg,n_l_58_,train_val,data/suim_processed/images/train_val/n_l_58_.jpg,12,11,,perceptual_hash,pending,,,
d_r_5___f_r_1663_,d_r_5_,train_val,data/suim_processed/images/train_val/d_r_5_.jpg,f_r_1663_,train_val,data/suim_processed/images/train_val/f_r_1663_.jpg,12,12,,perceptual_hash,pending,,,
f_r_1024___f_r_603_,f_r_1024_,train_val,data/suim_processed/images/train_val/f_r_1024_.jpg,f_r_603_,train_val,data/suim_processed/images/train_val/f_r_603_.jpg,12,12,,perceptual_hash,pending,,,
f_r_1041___n_l_58_,f_r_1041_,train_val,data/suim_processed/images/train_val/f_r_1041_.jpg,n_l_58_,train_val,data/suim_processed/images/train_val/n_l_58_.jpg,12,12,,perceptual_hash,pending,,,
f_r_194___f_r_900_,f_r_194_,train_val,data/suim_processed/images/train_val/f_r_194_.jpg,f_r_900_,train_val,data/suim_processed/images/train_val/f_r_900_.jpg,12,13,,perceptual_hash,pending,,,
d_r_600___d_r_654_,d_r_600_,train_val,data/suim_processed/images/train_val/d_r_600_.jpg,d_r_654_,train_val,data/suim_processed/images/train_val/d_r_654_.jpg,12,15,,perceptual_hash,pending,,,
f_r_1517___f_r_1783_,f_r_1517_,train_val,data/suim_processed/images/train_val/f_r_1517_.jpg,f_r_1783_,train_val,data/suim_processed/images/train_val/f_r_1783_.jpg,12,15,,perceptual_hash,pending,,,
f_r_1517___f_r_922_,f_r_1517_,train_val,data/suim_processed/images/train_val/f_r_1517_.jpg,f_r_922_,train_val,data/suim_processed/images/train_val/f_r_922_.jpg,12,15,,perceptual_hash,pending,,,
d_r_428___d_r_759_,d_r_428_,train_val,data/suim_processed/images/train_val/d_r_428_.jpg,d_r_759_,train_val,data/suim_processed/images/train_val/d_r_759_.jpg,12,17,,perceptual_hash,pending,,,
d_r_132___d_r_59_,d_r_132_,train_val,data/suim_processed/images/train_val/d_r_132_.jpg,d_r_59_,train_val,data/suim_processed/images/train_val/d_r_59_.jpg,12,22,,perceptual_hash,pending,,,
f_r_1195___f_r_1743_,f_r_1195_,train_val,data/suim_processed/images/train_val/f_r_1195_.jpg,f_r_1743_,train_val,data/suim_processed/images/train_val/f_r_1743_.jpg,12,22,,perceptual_hash,pending,,,
f_r_1735___f_r_2015_,f_r_1735_,train_val,data/suim_processed/images/train_val/f_r_1735_.jpg,f_r_2015_,train_val,data/suim_processed/images/train_val/f_r_2015_.jpg,12,23,,perceptual_hash,pending,,,
f_r_621___f_r_961_,f_r_621_,train_val,data/suim_processed/images/train_val/f_r_621_.jpg,f_r_961_,train_val,data/suim_processed/images/train_val/f_r_961_.jpg,12,23,,perceptual_hash,pending,,,
f_r_1999___f_r_236_,f_r_1999_,train_val,data/suim_processed/images/train_val/f_r_1999_.jpg,f_r_236_,train_val,data/suim_processed/images/train_val/f_r_236_.jpg,12,24,,perceptual_hash,pending,,,
f_r_1072___f_r_1885_,f_r_1072_,train_val,data/suim_processed/images/train_val/f_r_1072_.jpg,f_r_1885_,train_val,data/suim_processed/images/train_val/f_r_1885_.jpg,12,25,,perceptual_hash,pending,,,
f_r_1517___w_r_107_,f_r_1517_,train_val,data/suim_processed/images/train_val/f_r_1517_.jpg,w_r_107_,train_val,data/suim_processed/images/train_val/w_r_107_.jpg,12,25,,perceptual_hash,pending,,,
f_r_1617___f_r_1694_,f_r_1617_,train_val,data/suim_processed/images/train_val/f_r_1617_.jpg,f_r_1694_,train_val,data/suim_processed/images/train_val/f_r_1694_.jpg,12,25,,perceptual_hash,pending,,,
f_r_643___f_r_681_,f_r_643_,train_val,data/suim_processed/images/train_val/f_r_643_.jpg,f_r_681_,train_val,data/suim_processed/images/train_val/f_r_681_.jpg,14,5,,perceptual_hash,pending,,,
f_r_1971___f_r_681_,f_r_1971_,train_val,data/suim_processed/images/train_val/f_r_1971_.jpg,f_r_681_,train_val,data/suim_processed/images/train_val/f_r_681_.jpg,14,9,,perceptual_hash,pending,,,
f_r_564___f_r_681_,f_r_564_,train_val,data/suim_processed/images/train_val/f_r_564_.jpg,f_r_681_,train_val,data/suim_processed/images/train_val/f_r_681_.jpg,14,9,,perceptual_hash,pending,,,
f_r_1347___f_r_204_,f_r_1347_,train_val,data/suim_processed/images/train_val/f_r_1347_.jpg,f_r_204_,train_val,data/suim_processed/images/train_val/f_r_204_.jpg,14,10,,perceptual_hash,pending,,,
f_r_1971___f_r_1985_,f_r_1971_,train_val,data/suim_processed/images/train_val/f_r_1971_.jpg,f_r_1985_,train_val,data/suim_processed/images/train_val/f_r_1985_.jpg,14,10,,perceptual_hash,pending,,,
f_r_1985___f_r_564_,f_r_1985_,train_val,data/suim_processed/images/train_val/f_r_1985_.jpg,f_r_564_,train_val,data/suim_processed/images/train_val/f_r_564_.jpg,14,10,,perceptual_hash,pending,,,
f_r_594___f_r_892_,f_r_594_,train_val,data/suim_processed/images/train_val/f_r_594_.jpg,f_r_892_,train_val,data/suim_processed/images/train_val/f_r_892_.jpg,14,10,,perceptual_hash,pending,,,
f_r_639___f_r_753_,f_r_639_,train_val,data/suim_processed/images/train_val/f_r_639_.jpg,f_r_753_,train_val,data/suim_processed/images/train_val/f_r_753_.jpg,14,10,,perceptual_hash,pending,,,
f_r_1454___f_r_603_,f_r_1454_,train_val,data/suim_processed/images/train_val/f_r_1454_.jpg,f_r_603_,train_val,data/suim_processed/images/train_val/f_r_603_.jpg,14,11,,perceptual_hash,pending,,,
f_r_1430___f_r_43_,f_r_1430_,train_val,data/suim_processed/images/train_val/f_r_1430_.jpg,f_r_43_,train_val,data/suim_processed/images/train_val/f_r_43_.jpg,14,12,,perceptual_hash,pending,,,
d_r_211___d_r_326_,d_r_211_,train_val,data/suim_processed/images/train_val/d_r_211_.jpg,d_r_326_,train_val,data/suim_processed/images/train_val/d_r_326_.jpg,14,14,,perceptual_hash,pending,,,
d_r_563___d_r_618_,d_r_563_,train_val,data/suim_processed/images/train_val/d_r_563_.jpg,d_r_618_,train_val,data/suim_processed/images/train_val/d_r_618_.jpg,14,14,,perceptual_hash,pending,,,
f_r_1155___n_l_38_,f_r_1155_,train_val,data/suim_processed/images/train_val/f_r_1155_.jpg,n_l_38_,train_val,data/suim_processed/images/train_val/n_l_38_.jpg,14,16,,perceptual_hash,pending,,,
d_r_22___d_r_546_,d_r_22_,train_val,data/suim_processed/images/train_val/d_r_22_.jpg,d_r_546_,train_val,data/suim_processed/images/train_val/d_r_546_.jpg,14,17,,perceptual_hash,pending,,,
d_r_598___d_r_604_,d_r_598_,test,data/suim_processed/images/test/d_r_598_.jpg,d_r_604_,train_val,data/suim_processed/images/train_val/d_r_604_.jpg,14,17,,perceptual_hash,pending,,,
f_r_1026___f_r_569_,f_r_1026_,train_val,data/suim_processed/images/train_val/f_r_1026_.jpg,f_r_569_,train_val,data/suim_processed/images/train_val/f_r_569_.jpg,14,17,,perceptual_hash,pending,,,
f_r_1386___f_r_245_,f_r_1386_,train_val,data/suim_processed/images/train_val/f_r_1386_.jpg,f_r_245_,train_val,data/suim_processed/images/train_val/f_r_245_.jpg,14,17,,perceptual_hash,pending,,,
f_r_2055___n_l_14_,f_r_2055_,train_val,data/suim_processed/images/train_val/f_r_2055_.jpg,n_l_14_,train_val,data/suim_processed/images/train_val/n_l_14_.jpg,14,17,,perceptual_hash,pending,,,
d_r_132___f_r_1128_,d_r_132_,train_val,data/suim_processed/images/train_val/d_r_132_.jpg,f_r_1128_,train_val,data/suim_processed/images/train_val/f_r_1128_.jpg,14,18,,perceptual_hash,pending,,,
d_r_547___d_r_310_,d_r_547_,test,data/suim_processed/images/test/d_r_547_.jpg,d_r_310_,train_val,data/suim_processed/images/train_val/d_r_310_.jpg,14,18,,perceptual_hash,pending,,,
f_r_1048___n_l_4_,f_r_1048_,train_val,data/suim_processed/images/train_val/f_r_1048_.jpg,n_l_4_,train_val,data/suim_processed/images/train_val/n_l_4_.jpg,14,18,,perceptual_hash,pending,,,
f_r_1271___n_l_38_,f_r_1271_,train_val,data/suim_processed/images/train_val/f_r_1271_.jpg,n_l_38_,train_val,data/suim_processed/images/train_val/n_l_38_.jpg,14,18,,perceptual_hash,pending,,,
f_r_1650___f_r_741_,f_r_1650_,train_val,data/suim_processed/images/train_val/f_r_1650_.jpg,f_r_741_,train_val,data/suim_processed/images/train_val/f_r_741_.jpg,14,19,,perceptual_hash,pending,,,
f_r_706___w_r_20_,f_r_706_,train_val,data/suim_processed/images/train_val/f_r_706_.jpg,w_r_20_,train_val,data/suim_processed/images/train_val/w_r_20_.jpg,14,19,,perceptual_hash,pending,,,
n_l_10___w_r_81_,n_l_10_,train_val,data/suim_processed/images/train_val/n_l_10_.jpg,w_r_81_,train_val,data/suim_processed/images/train_val/w_r_81_.jpg,14,19,,perceptual_hash,pending,,,
n_l_4___n_l_71_,n_l_4_,train_val,data/suim_processed/images/train_val/n_l_4_.jpg,n_l_71_,train_val,data/suim_processed/images/train_val/n_l_71_.jpg,14,19,,perceptual_hash,pending,,,
d_r_18___n_l_99_,d_r_18_,train_val,data/suim_processed/images/train_val/d_r_18_.jpg,n_l_99_,train_val,data/suim_processed/images/train_val/n_l_99_.jpg,14,20,,perceptual_hash,pending,,,
d_r_59___f_r_1499_,d_r_59_,train_val,data/suim_processed/images/train_val/d_r_59_.jpg,f_r_1499_,train_val,data/suim_processed/images/train_val/f_r_1499_.jpg,14,20,,perceptual_hash,pending,,,
f_r_1155___f_r_741_,f_r_1155_,train_val,data/suim_processed/images/train_val/f_r_1155_.jpg,f_r_741_,train_val,data/suim_processed/images/train_val/f_r_741_.jpg,14,20,,perceptual_hash,pending,,,
f_r_1259___f_r_609_,f_r_1259_,train_val,data/suim_processed/images/train_val/f_r_1259_.jpg,f_r_609_,train_val,data/suim_processed/images/train_val/f_r_609_.jpg,14,20,,perceptual_hash,pending,,,
f_r_1656___w_r_223_,f_r_1656_,train_val,data/suim_processed/images/train_val/f_r_1656_.jpg,w_r_223_,train_val,data/suim_processed/images/train_val/w_r_223_.jpg,14,20,,perceptual_hash,pending,,,
f_r_2018___f_r_453_,f_r_2018_,train_val,data/suim_processed/images/train_val/f_r_2018_.jpg,f_r_453_,train_val,data/suim_processed/images/train_val/f_r_453_.jpg,14,20,,perceptual_hash,pending,,,
d_r_17___n_l_8_,d_r_17_,train_val,data/suim_processed/images/train_val/d_r_17_.jpg,n_l_8_,train_val,data/suim_processed/images/train_val/n_l_8_.jpg,14,21,,perceptual_hash,pending,,,
f_r_1452___d_r_383_,f_r_1452_,test,data/suim_processed/images/test/f_r_1452_.jpg,d_r_383_,train_val,data/suim_processed/images/train_val/d_r_383_.jpg,14,21,,perceptual_hash,pending,,,
f_r_1687___f_r_264_,f_r_1687_,train_val,data/suim_processed/images/train_val/f_r_1687_.jpg,f_r_264_,train_val,data/suim_processed/images/train_val/f_r_264_.jpg,14,21,,perceptual_hash,pending,,,
f_r_510___f_r_605_,f_r_510_,train_val,data/suim_processed/images/train_val/f_r_510_.jpg,f_r_605_,train_val,data/suim_processed/images/train_val/f_r_605_.jpg,14,21,,perceptual_hash,pending,,,
d_r_112___f_r_280_,d_r_112_,train_val,data/suim_processed/images/train_val/d_r_112_.jpg,f_r_280_,train_val,data/suim_processed/images/train_val/f_r_280_.jpg,14,22,,perceptual_hash,pending,,,
f_r_1048___w_r_117_,f_r_1048_,train_val,data/suim_processed/images/train_val/f_r_1048_.jpg,w_r_117_,train_val,data/suim_processed/images/train_val/w_r_117_.jpg,14,22,,perceptual_hash,pending,,,
f_r_1644___d_r_428_,f_r_1644_,test,data/suim_processed/images/test/f_r_1644_.jpg,d_r_428_,train_val,data/suim_processed/images/train_val/d_r_428_.jpg,14,22,,perceptual_hash,pending,,,
f_r_1295___f_r_1828_,f_r_1295_,train_val,data/suim_processed/images/train_val/f_r_1295_.jpg,f_r_1828_,train_val,data/suim_processed/images/train_val/f_r_1828_.jpg,14,23,,perceptual_hash,pending,,,
f_r_1295___f_r_67_,f_r_1295_,train_val,data/suim_processed/images/train_val/f_r_1295_.jpg,f_r_67_,train_val,data/suim_processed/images/train_val/f_r_67_.jpg,14,23,,perceptual_hash,pending,,,
f_r_1355___f_r_678_,f_r_1355_,train_val,data/suim_processed/images/train_val/f_r_1355_.jpg,f_r_678_,train_val,data/suim_processed/images/train_val/f_r_678_.jpg,14,23,,perceptual_hash,pending,,,
f_r_1362___f_r_443_,f_r_1362_,train_val,data/suim_processed/images/train_val/f_r_1362_.jpg,f_r_443_,train_val,data/suim_processed/images/train_val/f_r_443_.jpg,14,23,,perceptual_hash,pending,,,
f_r_287___w_r_171_,f_r_287_,train_val,data/suim_processed/images/train_val/f_r_287_.jpg,w_r_171_,train_val,data/suim_processed/images/train_val/w_r_171_.jpg,14,23,,perceptual_hash,pending,,,
n_l_71___w_r_117_,n_l_71_,train_val,data/suim_processed/images/train_val/n_l_71_.jpg,w_r_117_,train_val,data/suim_processed/images/train_val/w_r_117_.jpg,14,23,,perceptual_hash,pending,,,
d_r_795___f_r_503_,d_r_795_,train_val,data/suim_processed/images/train_val/d_r_795_.jpg,f_r_503_,train_val,data/suim_processed/images/train_val/f_r_503_.jpg,14,24,,perceptual_hash,pending,,,
f_r_1161___f_r_1497_,f_r_1161_,train_val,data/suim_processed/images/train_val/f_r_1161_.jpg,f_r_1497_,train_val,data/suim_processed/images/train_val/f_r_1497_.jpg,14,24,,perceptual_hash,pending,,,
f_r_1212___f_r_979_,f_r_1212_,train_val,data/suim_processed/images/train_val/f_r_1212_.jpg,f_r_979_,train_val,data/suim_processed/images/train_val/f_r_979_.jpg,14,24,,perceptual_hash,pending,,,
f_r_1300___f_r_639_,f_r_1300_,train_val,data/suim_processed/images/train_val/f_r_1300_.jpg,f_r_639_,train_val,data/suim_processed/images/train_val/f_r_639_.jpg,14,24,,perceptual_hash,pending,,,
f_r_1410___f_r_1911_,f_r_1410_,test,data/suim_processed/images/test/f_r_1410_.jpg,f_r_1911_,train_val,data/suim_processed/images/train_val/f_r_1911_.jpg,14,24,,perceptual_hash,pending,,,
d_r_326___f_r_1506_,d_r_326_,train_val,data/suim_processed/images/train_val/d_r_326_.jpg,f_r_1506_,train_val,data/suim_processed/images/train_val/f_r_1506_.jpg,14,25,,perceptual_hash,pending,,,
f_r_1230___w_r_90_,f_r_1230_,train_val,data/suim_processed/images/train_val/f_r_1230_.jpg,w_r_90_,train_val,data/suim_processed/images/train_val/w_r_90_.jpg,14,25,,perceptual_hash,pending,,,
f_r_1617___f_r_692_,f_r_1617_,train_val,data/suim_processed/images/train_val/f_r_1617_.jpg,f_r_692_,train_val,data/suim_processed/images/train_val/f_r_692_.jpg,14,25,,perceptual_hash,pending,,,
f_r_1617___n_l_5_,f_r_1617_,train_val,data/suim_processed/images/train_val/f_r_1617_.jpg,n_l_5_,train_val,data/suim_processed/images/train_val/n_l_5_.jpg,14,25,,perceptual_hash,pending,,,
f_r_1939___f_r_591_,f_r_1939_,train_val,data/suim_processed/images/train_val/f_r_1939_.jpg,f_r_591_,train_val,data/suim_processed/images/train_val/f_r_591_.jpg,14,25,,perceptual_hash,pending,,,
d_r_132___f_r_1499_,d_r_132_,train_val,data/suim_processed/images/train_val/d_r_132_.jpg,f_r_1499_,train_val,data/suim_processed/images/train_val/f_r_1499_.jpg,14,26,,perceptual_hash,pending,,,
d_r_132___f_r_1999_,d_r_132_,train_val,data/suim_processed/images/train_val/d_r_132_.jpg,f_r_1999_,train_val,data/suim_processed/images/train_val/f_r_1999_.jpg,14,26,,perceptual_hash,pending,,,
d_r_617___f_r_694_,d_r_617_,train_val,data/suim_processed/images/train_val/d_r_617_.jpg,f_r_694_,train_val,data/suim_processed/images/train_val/f_r_694_.jpg,14,26,,perceptual_hash,pending,,,
f_r_1516___f_r_55_,f_r_1516_,train_val,data/suim_processed/images/train_val/f_r_1516_.jpg,f_r_55_,train_val,data/suim_processed/images/train_val/f_r_55_.jpg,14,26,,perceptual_hash,pending,,,
n_l_52___f_r_2084_,n_l_52_,test,data/suim_processed/images/test/n_l_52_.jpg,f_r_2084_,train_val,data/suim_processed/images/train_val/f_r_2084_.jpg,14,26,,perceptual_hash,pending,,,
f_r_1152___f_r_1769_,f_r_1152_,train_val,data/suim_processed/images/train_val/f_r_1152_.jpg,f_r_1769_,train_val,data/suim_processed/images/train_val/f_r_1769_.jpg,14,27,,perceptual_hash,pending,,,
n_l_52___w_r_178_,n_l_52_,test,data/suim_processed/images/test/n_l_52_.jpg,w_r_178_,train_val,data/suim_processed/images/train_val/w_r_178_.jpg,14,27,,perceptual_hash,pending,,,
w_r_18___w_r_202_,w_r_18_,train_val,data/suim_processed/images/train_val/w_r_18_.jpg,w_r_202_,train_val,data/suim_processed/images/train_val/w_r_202_.jpg,14,27,,perceptual_hash,pending,,,
d_r_474___f_r_1176_,d_r_474_,train_val,data/suim_processed/images/train_val/d_r_474_.jpg,f_r_1176_,train_val,data/suim_processed/images/train_val/f_r_1176_.jpg,14,28,,perceptual_hash,pending,,,
f_r_1346___f_r_433_,f_r_1346_,train_val,data/suim_processed/images/train_val/f_r_1346_.jpg,f_r_433_,train_val,data/suim_processed/images/train_val/f_r_433_.jpg,14,28,,perceptual_hash,pending,,,
f_r_274___w_r_293_,f_r_274_,train_val,data/suim_processed/images/train_val/f_r_274_.jpg,w_r_293_,train_val,data/suim_processed/images/train_val/w_r_293_.jpg,14,28,,perceptual_hash,pending,,,
d_r_363___w_r_70_,d_r_363_,train_val,data/suim_processed/images/train_val/d_r_363_.jpg,w_r_70_,train_val,data/suim_processed/images/train_val/w_r_70_.jpg,14,29,,perceptual_hash,pending,,,
f_r_1032___f_r_1080_,f_r_1032_,train_val,data/suim_processed/images/train_val/f_r_1032_.jpg,f_r_1080_,train_val,data/suim_processed/images/train_val/f_r_1080_.jpg,14,29,,perceptual_hash,pending,,,
f_r_1369___f_r_1386_,f_r_1369_,train_val,data/suim_processed/images/train_val/f_r_1369_.jpg,f_r_1386_,train_val,data/suim_processed/images/train_val/f_r_1386_.jpg,14,29,,perceptual_hash,pending,,,
f_r_1440___f_r_1048_,f_r_1440_,test,data/suim_processed/images/test/f_r_1440_.jpg,f_r_1048_,train_val,data/suim_processed/images/train_val/f_r_1048_.jpg,14,29,,perceptual_hash,pending,,,
f_r_1881___n_l_99_,f_r_1881_,train_val,data/suim_processed/images/train_val/f_r_1881_.jpg,n_l_99_,train_val,data/suim_processed/images/train_val/n_l_99_.jpg,14,29,,perceptual_hash,pending,,,
f_r_908___w_r_1_,f_r_908_,train_val,data/suim_processed/images/train_val/f_r_908_.jpg,w_r_1_,train_val,data/suim_processed/images/train_val/w_r_1_.jpg,14,29,,perceptual_hash,pending,,,
d_r_473___w_r_99_,d_r_473_,train_val,data/suim_processed/images/train_val/d_r_473_.jpg,w_r_99_,train_val,data/suim_processed/images/train_val/w_r_99_.jpg,14,30,,perceptual_hash,pending,,,
f_r_1440___n_l_71_,f_r_1440_,test,data/suim_processed/images/test/f_r_1440_.jpg,n_l_71_,train_val,data/suim_processed/images/train_val/n_l_71_.jpg,14,30,,perceptual_hash,pending,,,
f_r_1298___f_r_766_,f_r_1298_,test,data/suim_processed/images/test/f_r_1298_.jpg,f_r_766_,train_val,data/suim_processed/images/train_val/f_r_766_.jpg,16,7,,perceptual_hash,pending,,,
f_r_1971___f_r_643_,f_r_1971_,train_val,data/suim_processed/images/train_val/f_r_1971_.jpg,f_r_643_,train_val,data/suim_processed/images/train_val/f_r_643_.jpg,16,8,,perceptual_hash,pending,,,
f_r_564___f_r_643_,f_r_564_,train_val,data/suim_processed/images/train_val/f_r_564_.jpg,f_r_643_,train_val,data/suim_processed/images/train_val/f_r_643_.jpg,16,8,,perceptual_hash,pending,,,
f_r_214___f_r_873_,f_r_214_,test,data/suim_processed/images/test/f_r_214_.jpg,f_r_873_,train_val,data/suim_processed/images/train_val/f_r_873_.jpg,16,12,,perceptual_hash,pending,,,
d_r_163___f_r_1862_,d_r_163_,train_val,data/suim_processed/images/train_val/d_r_163_.jpg,f_r_1862_,train_val,data/suim_processed/images/train_val/f_r_1862_.jpg,16,13,,perceptual_hash,pending,,,
d_r_541___d_r_5_,d_r_541_,train_val,data/suim_processed/images/train_val/d_r_541_.jpg,d_r_5_,train_val,data/suim_processed/images/train_val/d_r_5_.jpg,16,13,,perceptual_hash,pending,,,
f_r_1790___f_r_648_,f_r_1790_,train_val,data/suim_processed/images/train_val/f_r_1790_.jpg,f_r_648_,train_val,data/suim_processed/images/train_val/f_r_648_.jpg,16,13,,perceptual_hash,pending,,,
d_r_363___n_l_106_,d_r_363_,train_val,data/suim_processed/images/train_val/d_r_363_.jpg,n_l_106_,train_val,data/suim_processed/images/train_val/n_l_106_.jpg,16,14,,perceptual_hash,pending,,,
d_r_386___d_r_363_,d_r_386_,test,data/suim_processed/images/test/d_r_386_.jpg,d_r_363_,train_val,data/suim_processed/images/train_val/d_r_363_.jpg,16,14,,perceptual_hash,pending,,,
f_r_220___f_r_510_,f_r_220_,train_val,data/suim_processed/images/train_val/f_r_220_.jpg,f_r_510_,train_val,data/suim_processed/images/train_val/f_r_510_.jpg,16,14,,perceptual_hash,pending,,,
d_r_153___n_l_37_,d_r_153_,train_val,data/suim_processed/images/train_val/d_r_153_.jpg,n_l_37_,train_val,data/suim_processed/images/train_val/n_l_37_.jpg,18,9,,perceptual_hash,pending,,,
n_l_95___w_r_68_,n_l_95_,train_val,data/suim_processed/images/train_val/n_l_95_.jpg,w_r_68_,train_val,data/suim_processed/images/train_val/w_r_68_.jpg,18,10,,perceptual_hash,pending,,,
d_r_217___w_r_249_,d_r_217_,train_val,data/suim_processed/images/train_val/d_r_217_.jpg,w_r_249_,train_val,data/suim_processed/images/train_val/w_r_249_.jpg,18,12,,perceptual_hash,pending,,,
d_r_692___w_r_77_,d_r_692_,train_val,data/suim_processed/images/train_val/d_r_692_.jpg,w_r_77_,train_val,data/suim_processed/images/train_val/w_r_77_.jpg,18,12,,perceptual_hash,pending,,,
f_r_1151___w_r_192_,f_r_1151_,train_val,data/suim_processed/images/train_val/f_r_1151_.jpg,w_r_192_,train_val,data/suim_processed/images/train_val/w_r_192_.jpg,18,12,,perceptual_hash,pending,,,
f_r_1229___d_r_604_,f_r_1229_,test,data/suim_processed/images/test/f_r_1229_.jpg,d_r_604_,train_val,data/suim_processed/images/train_val/d_r_604_.jpg,18,12,,perceptual_hash,pending,,,
f_r_1375___f_r_1407_,f_r_1375_,train_val,data/suim_processed/images/train_val/f_r_1375_.jpg,f_r_1407_,train_val,data/suim_processed/images/train_val/f_r_1407_.jpg,18,12,,perceptual_hash,pending,,,
f_r_1586___w_r_192_,f_r_1586_,train_val,data/suim_processed/images/train_val/f_r_1586_.jpg,w_r_192_,train_val,data/suim_processed/images/train_val/w_r_192_.jpg,18,12,,perceptual_hash,pending,,,
f_r_2018___n_l_94_,f_r_2018_,train_val,data/suim_processed/images/train_val/f_r_2018_.jpg,n_l_94_,train_val,data/suim_processed/images/train_val/n_l_94_.jpg,18,12,,perceptual_hash,pending,,,
f_r_1076___f_r_1389_,f_r_1076_,train_val,data/suim_processed/images/train_val/f_r_1076_.jpg,f_r_1389_,train_val,data/suim_processed/images/train_val/f_r_1389_.jpg,18,13,,perceptual_hash,pending,,,
f_r_1782___f_r_536_,f_r_1782_,test,data/suim_processed/images/test/f_r_1782_.jpg,f_r_536_,train_val,data/suim_processed/images/train_val/f_r_536_.jpg,18,13,,perceptual_hash,pending,,,
f_r_1950___f_r_328_,f_r_1950_,train_val,data/suim_processed/images/train_val/f_r_1950_.jpg,f_r_328_,train_val,data/suim_processed/images/train_val/f_r_328_.jpg,18,13,,perceptual_hash,pending,,,
d_r_466___f_r_1180_,d_r_466_,train_val,data/suim_processed/images/train_val/d_r_466_.jpg,f_r_1180_,train_val,data/suim_processed/images/train_val/f_r_1180_.jpg,18,14,,perceptual_hash,pending,,,
f_r_1304___f_r_1950_,f_r_1304_,train_val,data/suim_processed/images/train_val/f_r_1304_.jpg,f_r_1950_,train_val,data/suim_processed/images/train_val/f_r_1950_.jpg,18,14,,perceptual_hash,pending,,,
f_r_1315___f_r_1858_,f_r_1315_,train_val,data/suim_processed/images/train_val/f_r_1315_.jpg,f_r_1858_,train_val,data/suim_processed/images/train_val/f_r_1858_.jpg,18,14,,perceptual_hash,pending,,,
f_r_1177___f_r_117_,f_r_1177_,train_val,data/suim_processed/images/train_val/f_r_1177_.jpg,f_r_117_,train_val,data/suim_processed/images/train_val/f_r_117_.jpg,20,8,,perceptual_hash,pending,,,
d_r_388___f_r_1318_,d_r_388_,train_val,data/suim_processed/images/train_val/d_r_388_.jpg,f_r_1318_,train_val,data/suim_processed/images/train_val/f_r_1318_.jpg,20,9,,perceptual_hash,pending,,,
d_r_153___f_r_117_,d_r_153_,train_val,data/suim_processed/images/train_val/d_r_153_.jpg,f_r_117_,train_val,data/suim_processed/images/train_val/f_r_117_.jpg,20,10,,perceptual_hash,pending,,,
f_r_1177___f_r_1594_,f_r_1177_,train_val,data/suim_processed/images/train_val/f_r_1177_.jpg,f_r_1594_,train_val,data/suim_processed/images/train_val/f_r_1594_.jpg,20,11,,perceptual_hash,pending,,,
f_r_1243___f_r_1823_,f_r_1243_,train_val,data/suim_processed/images/train_val/f_r_1243_.jpg,f_r_1823_,train_val,data/suim_processed/images/train_val/f_r_1823_.jpg,20,11,,perceptual_hash,pending,,,
f_r_1373___f_r_204_,f_r_1373_,train_val,data/suim_processed/images/train_val/f_r_1373_.jpg,f_r_204_,train_val,data/suim_processed/images/train_val/f_r_204_.jpg,20,11,,perceptual_hash,pending,,,
f_r_1891___w_r_119_,f_r_1891_,train_val,data/suim_processed/images/train_val/f_r_1891_.jpg,w_r_119_,train_val,data/suim_processed/images/train_val/w_r_119_.jpg,20,11,,perceptual_hash,pending,,,
f_r_361___w_r_107_,f_r_361_,train_val,data/suim_processed/images/train_val/f_r_361_.jpg,w_r_107_,train_val,data/suim_processed/images/train_val/w_r_107_.jpg,20,11,,perceptual_hash,pending,,,
w_r_253___w_r_283_,w_r_253_,train_val,data/suim_processed/images/train_val/w_r_253_.jpg,w_r_283_,train_val,data/suim_processed/images/train_val/w_r_283_.jpg,20,11,,perceptual_hash,pending,,,
d_r_300___w_r_171_,d_r_300_,test,data/suim_processed/images/test/d_r_300_.jpg,w_r_171_,train_val,data/suim_processed/images/train_val/w_r_171_.jpg,20,12,,perceptual_hash,pending,,,
d_r_381___f_r_1241_,d_r_381_,train_val,data/suim_processed/images/train_val/d_r_381_.jpg,f_r_1241_,train_val,data/suim_processed/images/train_val/f_r_1241_.jpg,20,12,,perceptual_hash,pending,,,
d_r_504___d_r_716_,d_r_504_,train_val,data/suim_processed/images/train_val/d_r_504_.jpg,d_r_716_,train_val,data/suim_processed/images/train_val/d_r_716_.jpg,20,12,,perceptual_hash,pending,,,
d_r_618___w_r_104_,d_r_618_,train_val,data/suim_processed/images/train_val/d_r_618_.jpg,w_r_104_,train_val,data/suim_processed/images/train_val/w_r_104_.jpg,20,12,,perceptual_hash,pending,,,
f_r_1461___f_r_1177_,f_r_1461_,test,data/suim_processed/images/test/f_r_1461_.jpg,f_r_1177_,train_val,data/suim_processed/images/train_val/f_r_1177_.jpg,20,12,,perceptual_hash,pending,,,
f_r_1809___w_r_17_,f_r_1809_,train_val,data/suim_processed/images/train_val/f_r_1809_.jpg,w_r_17_,train_val,data/suim_processed/images/train_val/w_r_17_.jpg,20,12,,perceptual_hash,pending,,,
f_r_1862___f_r_532_,f_r_1862_,train_val,data/suim_processed/images/train_val/f_r_1862_.jpg,f_r_532_,train_val,data/suim_processed/images/train_val/f_r_532_.jpg,20,12,,perceptual_hash,pending,,,
f_r_1920___f_r_146_,f_r_1920_,test,data/suim_processed/images/test/f_r_1920_.jpg,f_r_146_,train_val,data/suim_processed/images/train_val/f_r_146_.jpg,20,12,,perceptual_hash,pending,,,
f_r_1952___w_r_152_,f_r_1952_,train_val,data/suim_processed/images/train_val/f_r_1952_.jpg,w_r_152_,train_val,data/suim_processed/images/train_val/w_r_152_.jpg,20,12,,perceptual_hash,pending,,,
d_r_179___f_r_900_,d_r_179_,train_val,data/suim_processed/images/train_val/d_r_179_.jpg,f_r_900_,train_val,data/suim_processed/images/train_val/f_r_900_.jpg,20,13,,perceptual_hash,pending,,,
d_r_745___w_r_149_,d_r_745_,train_val,data/suim_processed/images/train_val/d_r_745_.jpg,w_r_149_,train_val,data/suim_processed/images/train_val/w_r_149_.jpg,20,13,,perceptual_hash,pending,,,
f_r_1032___w_r_170_,f_r_1032_,train_val,data/suim_processed/images/train_val/f_r_1032_.jpg,w_r_170_,train_val,data/suim_processed/images/train_val/w_r_170_.jpg,20,13,,perceptual_hash,pending,,,
f_r_1161___f_r_993_,f_r_1161_,train_val,data/suim_processed/images/train_val/f_r_1161_.jpg,f_r_993_,train_val,data/suim_processed/images/train_val/f_r_993_.jpg,20,13,,perceptual_hash,pending,,,
f_r_1241___w_r_49_,f_r_1241_,train_val,data/suim_processed/images/train_val/f_r_1241_.jpg,w_r_49_,train_val,data/suim_processed/images/train_val/w_r_49_.jpg,20,13,,perceptual_hash,pending,,,
f_r_1376___w_r_228_,f_r_1376_,train_val,data/suim_processed/images/train_val/f_r_1376_.jpg,w_r_228_,train_val,data/suim_processed/images/train_val/w_r_228_.jpg,20,13,,perceptual_hash,pending,,,
f_r_1433___f_r_84_,f_r_1433_,train_val,data/suim_processed/images/train_val/f_r_1433_.jpg,f_r_84_,train_val,data/suim_processed/images/train_val/f_r_84_.jpg,20,13,,perceptual_hash,pending,,,
f_r_1450___f_r_237_,f_r_1450_,test,data/suim_processed/images/test/f_r_1450_.jpg,f_r_237_,train_val,data/suim_processed/images/train_val/f_r_237_.jpg,20,13,,perceptual_hash,pending,,,
d_r_171___f_r_968_,d_r_171_,train_val,data/suim_processed/images/train_val/d_r_171_.jpg,f_r_968_,train_val,data/suim_processed/images/train_val/f_r_968_.jpg,20,14,,perceptual_hash,pending,,,
d_r_26___f_r_1180_,d_r_26_,train_val,data/suim_processed/images/train_val/d_r_26_.jpg,f_r_1180_,train_val,data/suim_processed/images/train_val/f_r_1180_.jpg,20,14,,perceptual_hash,pending,,,
d_r_324___f_r_117_,d_r_324_,train_val,data/suim_processed/images/train_val/d_r_324_.jpg,f_r_117_,train_val,data/suim_processed/images/train_val/f_r_117_.jpg,20,14,,perceptual_hash,pending,,,
d_r_384___d_r_125_,d_r_384_,test,data/suim_processed/images/test/d_r_384_.jpg,d_r_125_,train_val,data/suim_processed/images/train_val/d_r_125_.jpg,20,14,,perceptual_hash,pending,,,
d_r_470___f_r_1963_,d_r_470_,train_val,data/suim_processed/images/train_val/d_r_470_.jpg,f_r_1963_,train_val,data/suim_processed/images/train_val/f_r_1963_.jpg,20,14,,perceptual_hash,pending,,,
d_r_541___f_r_739_,d_r_541_,train_val,data/suim_processed/images/train_val/d_r_541_.jpg,f_r_739_,train_val,data/suim_processed/images/train_val/f_r_739_.jpg,20,14,,perceptual_hash,pending,,,
d_r_563___f_r_949_,d_r_563_,train_val,data/suim_processed/images/train_val/d_r_563_.jpg,f_r_949_,train_val,data/suim_processed/images/train_val/f_r_949_.jpg,20,14,,perceptual_hash,pending,,,
d_r_605___f_r_2012_,d_r_605_,train_val,data/suim_processed/images/train_val/d_r_605_.jpg,f_r_2012_,train_val,data/suim_processed/images/train_val/f_r_2012_.jpg,20,14,,perceptual_hash,pending,,,
f_r_101___f_r_1895_,f_r_101_,train_val,data/suim_processed/images/train_val/f_r_101_.jpg,f_r_1895_,train_val,data/suim_processed/images/train_val/f_r_1895_.jpg,20,14,,perceptual_hash,pending,,,
f_r_1149___f_r_900_,f_r_1149_,train_val,data/suim_processed/images/train_val/f_r_1149_.jpg,f_r_900_,train_val,data/suim_processed/images/train_val/f_r_900_.jpg,20,14,,perceptual_hash,pending,,,
f_r_1177___f_r_602_,f_r_1177_,train_val,data/suim_processed/images/train_val/f_r_1177_.jpg,f_r_602_,train_val,data/suim_processed/images/train_val/f_r_602_.jpg,20,14,,perceptual_hash,pending,,,
f_r_1235___w_r_127_,f_r_1235_,train_val,data/suim_processed/images/train_val/f_r_1235_.jpg,w_r_127_,train_val,data/suim_processed/images/train_val/w_r_127_.jpg,20,14,,perceptual_hash,pending,,,
f_r_1304___f_r_2060_,f_r_1304_,train_val,data/suim_processed/images/train_val/f_r_1304_.jpg,f_r_2060_,train_val,data/suim_processed/images/train_val/f_r_2060_.jpg,20,14,,perceptual_hash,pending,,,
f_r_1304___w_r_49_,f_r_1304_,train_val,data/suim_processed/images/train_val/f_r_1304_.jpg,w_r_49_,train_val,data/suim_processed/images/train_val/w_r_49_.jpg,20,14,,perceptual_hash,pending,,,
f_r_1687___f_r_1724_,f_r_1687_,train_val,data/suim_processed/images/train_val/f_r_1687_.jpg,f_r_1724_,train_val,data/suim_processed/images/train_val/f_r_1724_.jpg,20,14,,perceptual_hash,pending,,,
f_r_1734___n_l_99_,f_r_1734_,train_val,data/suim_processed/images/train_val/f_r_1734_.jpg,n_l_99_,train_val,data/suim_processed/images/train_val/n_l_99_.jpg,20,14,,perceptual_hash,pending,,,
f_r_1851___w_r_223_,f_r_1851_,train_val,data/suim_processed/images/train_val/f_r_1851_.jpg,w_r_223_,train_val,data/suim_processed/images/train_val/w_r_223_.jpg,20,14,,perceptual_hash,pending,,,
f_r_225___n_l_95_,f_r_225_,train_val,data/suim_processed/images/train_val/f_r_225_.jpg,n_l_95_,train_val,data/suim_processed/images/train_val/n_l_95_.jpg,20,14,,perceptual_hash,pending,,,
f_r_766___w_r_77_,f_r_766_,train_val,data/suim_processed/images/train_val/f_r_766_.jpg,w_r_77_,train_val,data/suim_processed/images/train_val/w_r_77_.jpg,20,14,,perceptual_hash,pending,,,
n_l_18___d_r_714_,n_l_18_,test,data/suim_processed/images/test/n_l_18_.jpg,d_r_714_,train_val,data/suim_processed/images/train_val/d_r_714_.jpg,20,14,,perceptual_hash,pending,,,
w_r_217___d_r_541_,w_r_217_,test,data/suim_processed/images/test/w_r_217_.jpg,d_r_541_,train_val,data/suim_processed/images/train_val/d_r_541_.jpg,20,14,,perceptual_hash,pending,,,
f_r_1063___f_r_1318_,f_r_1063_,train_val,data/suim_processed/images/train_val/f_r_1063_.jpg,f_r_1318_,train_val,data/suim_processed/images/train_val/f_r_1318_.jpg,22,8,,perceptual_hash,pending,,,
f_r_1862___w_r_49_,f_r_1862_,train_val,data/suim_processed/images/train_val/f_r_1862_.jpg,w_r_49_,train_val,data/suim_processed/images/train_val/w_r_49_.jpg,22,8,,perceptual_hash,pending,,,
f_r_214___f_r_194_,f_r_214_,test,data/suim_processed/images/test/f_r_214_.jpg,f_r_194_,train_val,data/suim_processed/images/train_val/f_r_194_.jpg,22,10,,perceptual_hash,pending,,,
f_r_84___w_r_228_,f_r_84_,train_val,data/suim_processed/images/train_val/f_r_84_.jpg,w_r_228_,train_val,data/suim_processed/images/train_val/w_r_228_.jpg,22,10,,perceptual_hash,pending,,,
d_r_253___w_r_58_,d_r_253_,train_val,data/suim_processed/images/train_val/d_r_253_.jpg,w_r_58_,train_val,data/suim_processed/images/train_val/w_r_58_.jpg,22,11,,perceptual_hash,pending,,,
d_r_388___f_r_1177_,d_r_388_,train_val,data/suim_processed/images/train_val/d_r_388_.jpg,f_r_1177_,train_val,data/suim_processed/images/train_val/f_r_1177_.jpg,22,11,,perceptual_hash,pending,,,
d_r_473___w_r_295_,d_r_473_,train_val,data/suim_processed/images/train_val/d_r_473_.jpg,w_r_295_,train_val,data/suim_processed/images/train_val/w_r_295_.jpg,22,11,,perceptual_hash,pending,,,
d_r_742___f_r_1394_,d_r_742_,train_val,data/suim_processed/images/train_val/d_r_742_.jpg,f_r_1394_,train_val,data/suim_processed/images/train_val/f_r_1394_.jpg,22,11,,perceptual_hash,pending,,,
f_r_1161___f_r_1724_,f_r_1161_,train_val,data/suim_processed/images/train_val/f_r_1161_.jpg,f_r_1724_,train_val,data/suim_processed/images/train_val/f_r_1724_.jpg,22,11,,perceptual_hash,pending,,,
f_r_1383___w_r_265_,f_r_1383_,train_val,data/suim_processed/images/train_val/f_r_1383_.jpg,w_r_265_,train_val,data/suim_processed/images/train_val/w_r_265_.jpg,22,11,,perceptual_hash,pending,,,
f_r_1866___w_r_154_,f_r_1866_,train_val,data/suim_processed/images/train_val/f_r_1866_.jpg,w_r_154_,train_val,data/suim_processed/images/train_val/w_r_154_.jpg,22,11,,perceptual_hash,pending,,,
w_r_211___w_r_87_,w_r_211_,train_val,data/suim_processed/images/train_val/w_r_211_.jpg,w_r_87_,train_val,data/suim_processed/images/train_val/w_r_87_.jpg,22,11,,perceptual_hash,pending,,,
w_r_293___w_r_295_,w_r_293_,train_val,data/suim_processed/images/train_val/w_r_293_.jpg,w_r_295_,train_val,data/suim_processed/images/train_val/w_r_295_.jpg,22,11,,perceptual_hash,pending,,,
d_r_14___d_r_682_,d_r_14_,train_val,data/suim_processed/images/train_val/d_r_14_.jpg,d_r_682_,train_val,data/suim_processed/images/train_val/d_r_682_.jpg,22,12,,perceptual_hash,pending,,,
d_r_215___f_r_570_,d_r_215_,train_val,data/suim_processed/images/train_val/d_r_215_.jpg,f_r_570_,train_val,data/suim_processed/images/train_val/f_r_570_.jpg,22,12,,perceptual_hash,pending,,,
d_r_288___f_r_361_,d_r_288_,train_val,data/suim_processed/images/train_val/d_r_288_.jpg,f_r_361_,train_val,data/suim_processed/images/train_val/f_r_361_.jpg,22,12,,perceptual_hash,pending,,,
f_r_1033___f_r_1318_,f_r_1033_,test,data/suim_processed/images/test/f_r_1033_.jpg,f_r_1318_,train_val,data/suim_processed/images/train_val/f_r_1318_.jpg,22,12,,perceptual_hash,pending,,,
f_r_1114___f_r_1201_,f_r_1114_,train_val,data/suim_processed/images/train_val/f_r_1114_.jpg,f_r_1201_,train_val,data/suim_processed/images/train_val/f_r_1201_.jpg,22,12,,perceptual_hash,pending,,,
f_r_1318___w_r_176_,f_r_1318_,train_val,data/suim_processed/images/train_val/f_r_1318_.jpg,w_r_176_,train_val,data/suim_processed/images/train_val/w_r_176_.jpg,22,12,,perceptual_hash,pending,,,
f_r_1389___w_r_218_,f_r_1389_,train_val,data/suim_processed/images/train_val/f_r_1389_.jpg,w_r_218_,train_val,data/suim_processed/images/train_val/w_r_218_.jpg,22,12,,perceptual_hash,pending,,,
f_r_1433___f_r_1464_,f_r_1433_,train_val,data/suim_processed/images/train_val/f_r_1433_.jpg,f_r_1464_,train_val,data/suim_processed/images/train_val/f_r_1464_.jpg,22,12,,perceptual_hash,pending,,,
f_r_1461___f_r_117_,f_r_1461_,test,data/suim_processed/images/test/f_r_1461_.jpg,f_r_117_,train_val,data/suim_processed/images/train_val/f_r_117_.jpg,22,12,,perceptual_hash,pending,,,
f_r_1491___f_r_1546_,f_r_1491_,train_val,data/suim_processed/images/train_val/f_r_1491_.jpg,f_r_1546_,train_val,data/suim_processed/images/train_val/f_r_1546_.jpg,22,12,,perceptual_hash,pending,,,
f_r_1546___f_r_441_,f_r_1546_,train_val,data/suim_processed/images/train_val/f_r_1546_.jpg,f_r_441_,train_val,data/suim_processed/images/train_val/f_r_441_.jpg,22,12,,perceptual_hash,pending,,,
f_r_214___f_r_1151_,f_r_214_,test,data/suim_processed/images/test/f_r_214_.jpg,f_r_1151_,train_val,data/suim_processed/images/train_val/f_r_1151_.jpg,22,12,,perceptual_hash,pending,,,
f_r_760___w_r_223_,f_r_760_,train_val,data/suim_processed/images/train_val/f_r_760_.jpg,w_r_223_,train_val,data/suim_processed/images/train_val/w_r_223_.jpg,22,12,,perceptual_hash,pending,,,
n_l_33___w_r_223_,n_l_33_,train_val,data/suim_processed/images/train_val/n_l_33_.jpg,w_r_223_,train_val,data/suim_processed/images/train_val/w_r_223_.jpg,22,12,,perceptual_hash,pending,,,
w_r_285___w_r_77_,w_r_285_,train_val,data/suim_processed/images/train_val/w_r_285_.jpg,w_r_77_,train_val,data/suim_processed/images/train_val/w_r_77_.jpg,22,12,,perceptual_hash,pending,,,
d_r_166___d_r_217_,d_r_166_,test,data/suim_processed/images/test/d_r_166_.jpg,d_r_217_,train_val,data/suim_processed/images/train_val/d_r_217_.jpg,22,13,,perceptual_hash,pending,,,
d_r_217___d_r_682_,d_r_217_,train_val,data/suim_processed/images/train_val/d_r_217_.jpg,d_r_682_,train_val,data/suim_processed/images/train_val/d_r_682_.jpg,22,13,,perceptual_hash,pending,,,
d_r_388___f_r_117_,d_r_388_,train_val,data/suim_processed/images/train_val/d_r_388_.jpg,f_r_117_,train_val,data/suim_processed/images/train_val/f_r_117_.jpg,22,13,,perceptual_hash,pending,,,
